1.0,-0.6380567326757537,1.4738982136806946
1.0,-2.0711110232845926,0.21422658785510312
1.0,-1.1799476703506613,-0.9800753743205186
1.0,-0.7019808265366089,-0.6094728912879486
1.0,0.9755148045065415,-1.2417444829721584
1.0,-1.1476465734690307,-0.8873524862675073
1.0,-0.014250479602346395,0.08592509547041481
1.0,1.6546967242998758,0.7428036669482087
1.0,2.3882191978050336,0.7287699293756508
1.0,0.11875879544154441,-0.5261272876990211
1.0,0.14461964716203604,-1.615520136477434
1.0,-0.14306474047303877,0.37164076600649754
1.0,-0.6668162784769646,0.40000075441282695
1.0,-1.0973472354011937,-0.05640270038708441
1.0,-0.8158392812744233,0.8650229600798368
1.0,1.3700248897926994,0.5240425862638312
1.0,-1.2368335038333078,-2.206830450109042
1.0,-0.3126853091099955,0.6772540211890459
1.0,0.28765671339888504,-0.4297870187311076
1.0,1.9782410691994816,-1.1359863719539431
1.0,-0.7408204434620808,-0.49484263518304633
1.0,-0.13167453479538566,0.5247055170275401
1.0,0.4226508369232441,-0.7203911097938951
1.0,-0.3565148143681204,-1.2799287190874262
1.0,0.09442002285117362,1.5168173204612427
1.0,-0.26730221967534523,0.9314290475640894
1.0,-1.1801456715811738,0.10568217140711808
1.0,-1.0078848122735435,-0.2138123835395263
1.0,1.3536023856064203,0.49044162882025644
1.0,1.8937722189058188,-1.052506329132869
1.0,-1.4634637363862273,1.4842388809555973
1.0,-1.7984991620945117,0.4956174610642975
1.0,-0.4953199110919808,-1.3772672717211427
1.0,-0.13919293491342566,2.072957259009696
1.0,0.05571980157433069,0.507746620172205
1.0,-0.5938326968278549,0.034282219777989224
1.0,0.17110360397919488,1.0026451836680725
1.0,-1.1572589568588931,-0.9126913206995976
1.0,-2.033657648238807,1.1896369037065344
1.0,-0.2812288144372353,1.273836835599026
1.0,-0.4100687829865654,-0.07642443906718592
1.0,-0.48455907023174943,-0.775111465508519
1.0,1.9266188856754465,1.1327949382483737
1.0,1.5879752443275545,-1.2911738590522577
1.0,2.2119533533944904,0.142973055102364
1.0,0.6062591348984485,1.4473933198769127
1.0,-0.545735533128771,1.3249418448858137
1.0,0.3655172490180807,-0.9826864886793998
1.0,1.0890034378736184,-0.697089580527442
1.0,-1.5946782942986852,-0.5394278692032919
1.0,0.7421236609588279,-0.6098543946745981
1.0,-0.37958988873447286,-1.248000585612639
1.0,0.6123531744752377,-0.519230130026327
1.0,-0.3661791209351665,-0.6606058856738783
1.0,0.5499587168335919,-0.4671826599113764
1.0,0.6631637428949279,-1.1727124037959435
1.0,-0.5334661127254312,1.5645665292671682
1.0,0.2885086109778112,-0.25548443150906563
1.0,-1.262130611668908,-0.6676623383513336
1.0,-0.2999911103490124,-1.2077510478984572
1.0,-0.9586397995108091,-0.7668655391609721
1.0,0.11005671504031588,1.1048415447034328
1.0,-0.7085506201986259,0.4727240937356796
1.0,-0.4013736725762418,0.4259103681630011
1.0,0.30198885643692397,1.094499703424731
1.0,0.5697073111405022,-0.839335728678015
1.0,-0.815906037279409,-0.8748783641598803
1.0,-0.5949478202796343,0.6661868284988912
1.0,-0.6117309853142852,-0.6705059282083298
1.0,0.027985146320810436,-2.503157075726109
1.0,-0.5007610637532288,-0.08542557250868854
1.0,0.12231510740189602,-1.7975037315416467
1.0,1.1176826059719887,-0.5949796254456273
1.0,0.5515423953799587,1.1296195787946857
1.0,0.22901349166341523,-1.5166487308343575
1.0,0.877035662056417,0.4933937819798434
1.0,-1.219766084677895,-0.5353062897106539
1.0,-0.30134399914717913,0.505240375917579
1.0,-0.33636768079094026,0.5681489639866975
1.0,0.3524288381071116,-1.1958882156161088
1.0,-0.7027097572564116,0.8445749681599954
1.0,-0.6941701246274867,0.6683878042959731
1.0,-0.07373946828185428,-1.1102601618404464
1.0,-0.26238758363791304,0.3690741990988014
1.0,0.5370027289667766,-0.6127246643569869
1.0,0.02932897101903046,-0.1417374109855699
1.0,0.11624950180005329,-1.9106670936079977
1.0,-0.7222489235678495,1.5482506830291554
1.0,-1.3206820477091228,-0.44244384626713157
1.0,-0.13496066433980694,-0.17983771519883945
1.0,1.1849398948282284,1.0057162658423617
1.0,1.1313986091189634,0.0017817398737321661
1.0,0.10183372567627322,0.08814834110800364
1.0,-0.36275939777550614,0.21018046218775008
1.0,0.8384943307685621,-0.7490753520421077
1.0,-0.4010120975150336,-1.6659154310028739
1.0,0.9659533297586145,0.07137500735878471
1.0,-1.372169103373979,-1.716193356380487
1.0,0.10120511574846117,-0.5943228920694668
1.0,-0.9445803985029081,-0.31825256920666417
1.0,0.3942719117331497,0.5510719242979167
1.0,-0.38040619396116854,0.3142342312075927
1.0,-1.075343536792614,-0.7633410352011064
1.0,-1.124233337057584,-0.9105122038734793
1.0,1.4641826205731292,0.37796335225516786
1.0,-0.7342836949313114,-1.2429239153320484
1.0,-0.38819455980867934,-0.17578212860003992
1.0,-1.2310431795355392,0.5183305093491752
1.0,0.029589315660231985,-0.9088401553725125
1.0,-0.387809869753823,-0.09122846655655117
1.0,1.4604673216776503,-0.10791630431357044
1.0,0.8301146448985187,0.1909149909855559
1.0,-0.1337802006002464,0.9232709917213152
1.0,-0.8750995387413327,0.9371125552418637
1.0,-0.31586985124515304,1.3841927427522438
1.0,-1.4160870182870244,-0.5368057933480104
1.0,-0.9411510709723534,0.21646419644487122
1.0,-0.6775813321091431,0.02190208912200709
1.0,-0.2235445283656676,0.8844795984564121
1.0,1.124282563278532,-0.3567763679355764
1.0,1.9025030992520826,-0.013228719325299478
1.0,0.9520804785343423,-0.7892862268809275
1.0,-0.6049281810243824,-0.6291354331849646
1.0,-0.7447450944165226,0.05039827528461261
1.0,-0.56840050187174,-0.5826152342939799
1.0,-0.2415944210109109,-0.774937509853508
1.0,-2.0980237843006293,0.6758904424884593
1.0,0.8850701365764317,1.3345052512519342
1.0,-1.4977433922633285,0.12420812910774656
1.0,1.0939639974092017,0.39743045875551475
1.0,-0.05683705382731761,0.5431295978057771
1.0,0.4946985672287658,-0.503143512865445
1.0,1.9110494132563505,0.8423781456604285
1.0,-1.0387886736032603,1.7578547456816904
1.0,0.5105928339243007,-0.30960970815220606
1.0,0.24787833115705604,0.13215716604598654
1.0,2.123640408176884,0.6078010263638973
1.0,1.062179488288594,0.6831170253834985
1.0,-1.1026856699495085,0.9138395638252229
1.0,0.3376947217492462,1.0401667088628
1.0,0.448381859915908,-0.6616222883824928
1.0,1.678347319156882,0.6312418187899086
1.0,-0.07593229736209108,0.9541174163181596
1.0,0.432143117617164,-0.21557396791251454
1.0,0.033109778185412546,-0.3498825978382925
1.0,-0.6299153998155982,1.1201330019531104
1.0,0.6932809255106165,0.6504665928678388
1.0,-0.5843276656499771,-1.052551044801348
1.0,-0.1744173334658274,0.06807263891131524
1.0,-0.6011001266709504,0.19956669930522547
1.0,-1.089269111994829,-0.3330365231665008
1.0,-0.12215387869921626,-0.16226675519875577
1.0,0.2571974054057988,0.10137866082840735
1.0,-0.9003747718887953,1.6006890082012826
1.0,1.7585298863154004,0.5855393696475418
1.0,-1.0164436485703314,-0.14367042720861067
1.0,0.2963810290816634,0.4711076872894555
1.0,0.2176694106739019,-0.9853031803172141
1.0,2.0592435548620807,0.6279612022408488
1.0,0.11488173363337977,0.6468060101993984
1.0,1.2019142746609663,-0.04667988680286569
1.0,-1.0876571221353033,-0.0902865597297236
1.0,-0.08386487195189929,-0.7169039435582242
1.0,-0.015615202276767147,-1.8714521815622214
1.0,-0.4690368475286691,1.781902650418961
1.0,0.995958140786926,-0.5273730466453321
1.0,-0.8375939989187926,1.3558576136384215
1.0,-0.7222746520777862,0.5082452240161663
1.0,-1.40749325996672,-0.3635089669902824
1.0,-0.31659222022705413,1.5164243400022996
1.0,0.6673089933868848,-0.017573780159854696
1.0,-0.5202784438488834,-1.6664966737780187
1.0,0.42065586301864777,-0.31564374795420164
1.0,-0.8826360994833968,0.17114335252463797
1.0,-1.2786545429634748,-0.7519299055592538
1.0,-0.5609401668115841,-0.3170331387456387
1.0,-0.5768812703757875,-0.5239693100124629
1.0,-1.8695040671353749,0.7200082869015283
1.0,-0.6850943346584533,-2.1102034475297935
1.0,0.562444644557537,0.3046048246031451
1.0,0.6794055710927696,0.40142410670869805
1.0,-1.3671785577222355,-0.9861267037226298
1.0,-0.10423005582354974,-0.1715992765597742
1.0,1.8103168244743961,-1.339810498094283
1.0,1.1557052562271022,-0.6184591542889969
1.0,-0.8553239020256076,-0.4593949458716642
1.0,-0.20150869404057453,-0.01844156871400635
1.0,-0.8866503351851555,0.36239896160640556
1.0,0.40306359665891595,0.0333670875057215
1.0,-0.2553703269095537,-0.6442387844817605
1.0,0.02996259560845781,1.0127358794298043
1.0,2.4439486535570287,-1.6649468322317973
1.0,-0.48705849660550826,0.20419821343820427
1.0,-0.45021343580765727,-0.7942131965165721
1.0,-0.36448697897191934,-1.4188806455406984
1.0,-1.3734705762288488,1.9034351100883018
1.0,0.865190555551073,0.5346716759031861
1.0,-0.5874454802991983,1.0818047395966421
1.0,-0.9672323237754995,0.4670048155513338
1.0,0.7467073165223898,-0.16206074707792506
1.0,-0.32283342193340253,1.0839281602904218
1.0,-1.0286615989492045,0.34661188813512167
1.0,2.1934594526843325,0.4347817749490129
1.0,1.394063664918913,0.7768777676981149
1.0,1.2336718047062218,-1.9668304033740873
1.0,0.5335437061636733,-0.3680110419445852
1.0,0.5249115336081964,-0.9690594560562191
1.0,-0.6628967983998902,0.6618941552879167
1.0,-2.133504793884677,-0.4910342466095252
1.0,2.02988271304399,-0.8852092479534894
1.0,1.3460897530779565,-0.9131062705014215
1.0,0.27551455236586164,0.19517527052202888
1.0,0.5176756520767204,-0.5498482569487884
1.0,1.6648488241961223,0.6014026019543214
1.0,-0.5035505812073744,-0.8165900478700271
1.0,-0.6595386335648175,1.2726192215022323
1.0,0.2053024802375446,-0.49843780621237455
1.0,-1.2646888026765253,-0.24953733748767482
1.0,0.39713579672011273,0.2151232692400821
1.0,-1.1721641778495298,-0.8265183333932189
1.0,0.06697827974403098,0.3068615016523704
1.0,-0.4338813249988535,0.7117519501007045
1.0,-0.3292933120084644,0.3856102969139693
1.0,1.276451604897752,0.9485767396382317
1.0,-0.761236202134127,0.4965929659547623
1.0,0.1479737430157111,0.1039518519890727
1.0,0.10574378541135043,-1.0874902129923005
1.0,-0.36094070427376784,-1.1126857791547287
1.0,0.23347391885331414,-2.1763509311709353
1.0,0.644421371212314,0.3903483492930315
1.0,-3.064361259560313,1.222282421193307
1.0,0.7640363432727544,-0.5058529498304748
1.0,0.24255167949723236,0.7479065003594427
1.0,-0.06949166640861329,-1.640712344224885
1.0,0.4140690568665962,-0.04520085322115967
1.0,0.2010400162422041,-0.2884554050629599
1.0,0.6620574479238936,0.5328121685988794
1.0,1.2157173035599347,-1.218145661733004
1.0,0.568446866742775,-0.32677157820692077
1.0,-0.8684972648081443,-0.6272382676978421
1.0,-0.23644075283280747,-1.0082968960291732
1.0,2.216044226608095,0.6660227533228003
1.0,-0.0651099832185442,0.005985808219444278
1.0,0.7274469932015809,0.21777164948874464
1.0,-0.027331255854735965,-1.0260857687375542
1.0,1.541108591241707,-0.5352848918930927
1.0,-0.10742455209367117,1.89534535173639
1.0,-0.38110049073752916,-0.322091577366629
1.0,-0.13333626260879292,0.7535405052818661
1.0,-0.5515016152002591,1.9644324675348608
1.0,-0.04395015688340516,1.1626859539796073
1.0,1.4392921282615332,0.46804750857495975
1.0,-0.7296887925009371,1.1642136266532113
1.0,0.32041128399278596,0.39189416524252674
1.0,-0.5539992865232097,1.3728988669029392
1.0,-0.32715858761085026,-0.17859678506937227
1.0,-0.5607700444962245,0.07492967730685361
1.0,-0.1708778564030183,0.2905937304931854
1.0,-0.28206013034546074,-0.11234830716024685
1.0,-1.0649280060263395,1.1858930473973888
1.0,-0.21229905355597353,-0.38089922887667654
1.0,0.3209184625125683,-1.393879826356621
1.0,1.3092891730610856,-0.9377503725012932
1.0,0.4820202455760359,-0.5401722545512612
1.0,-0.15372583837798862,-0.1845581666230991
1.0,0.10040610439584718,0.3221042560357826
1.0,-0.5344088482150636,-0.2129858146588264
1.0,0.7089432866778913,-0.3242478891056629
1.0,-0.8534969823627271,0.8373226025494674
1.0,-0.40629569247896485,-1.6005655397198884
1.0,0.15468133052139676,1.5398303820720503
1.0,1.4044854777856288,0.9919184381156665
1.0,0.6269584907586917,1.5935211920467414
1.0,1.200948687092106,0.7753385062513529
1.0,0.31227374627168636,-1.0341030400126807
1.0,1.3938775355863622,0.21311779369673897
1.0,-1.44331509839193,0.16630791306023282
1.0,-0.28707102783784166,1.6222045260666065
1.0,-0.28478249974128933,-0.6415674111875123
1.0,-2.3639906774128936,-1.6020284877914233
1.0,-0.9486913580943066,-2.670821935905885
1.0,1.8744080705588329,0.8637521075471378
1.0,1.0296878507716065,-1.2083398947652864
1.0,-0.8947255340148035,1.4867093210467972
1.0,-0.6807680733171638,-0.9034572036230242
1.0,-0.699959460576836,0.8858120977997674
1.0,0.20146974517369134,1.5640301038828746
1.0,0.9575930733783599,-1.2890050020804134
1.0,-0.2924640633715964,-0.1643123281199804
1.0,-0.3421554917963961,0.06003548361658939
1.0,0.7509385816193231,-0.19971212539096642
1.0,-2.299532804624278,0.6490238758391546
1.0,-0.1179783887034825,-0.0584647543504726
1.0,-1.0216305606536822,0.40529254800099757
1.0,0.6372392523576187,0.6229152042699128
1.0,0.26518023302038435,2.124328471368054
1.0,0.5027894851543994,1.32228870431011
1.0,-0.437988032197227,0.2908050804447957
1.0,0.2848612544492055,-0.0011596987894826685
1.0,-1.497544715448167,1.588819377178478
1.0,1.0157414426845583,0.4753632775957494
1.0,-0.2788734723498973,-1.9700382463630552
1.0,-1.8557562884816732,0.09684854584437264
1.0,-1.3464203700913082,-1.9550325574548806
1.0,-1.4551534446504253,0.26013836308390537
1.0,-1.7735946500389046,-0.6095588162665203
1.0,-0.3020505661907938,1.056810595425664
1.0,-0.016185927175622256,0.015374233797953711
1.0,-1.5809487096323849,-0.15512394362280665
1.0,0.2419290429844589,-0.7137384466692274
1.0,-0.737182542212847,-0.4760592425772941
1.0,0.8093297431582843,0.43779158410720037
1.0,0.971190511977198,-2.2270815553787675
1.0,-0.3010252556262366,-1.0855238868701966
1.0,0.3610973602729347,2.0190551104410144
1.0,1.0501084139065084,-0.15477439472770302
1.0,0.5437962684908233,0.7730424329008755
1.0,1.1661298137628973,1.1616279088461392
1.0,-0.0003654072732212738,1.301091968249712
1.0,0.6245888482842726,-1.5665315487324285
1.0,-0.22416145161678097,-0.15116394494924582
1.0,0.231520307762465,-0.8250377095660306
1.0,0.9790463038334742,-2.2356510279041912
1.0,-1.7603094274712088,-0.18303606588673038
1.0,-1.2101511018739621,-0.46879299432865484
1.0,0.2652602417085191,-2.0386396530505224
1.0,-0.2617756489826083,0.08318411425296376
1.0,-0.3643786524717863,0.9797391488198808
1.0,0.2153441555088787,0.9376137321184775
1.0,0.04533633838862196,1.024196931974809
1.0,-0.5936900128735348,-0.9585181321451037
1.0,0.24709343096574257,1.3345572747579653
1.0,0.053081066784141734,2.3530678747995486
1.0,0.08414805714059011,-0.8705545342553838
1.0,-0.37082956480048557,-0.21028760718224226
1.0,-0.23716685491914097,0.1906533468961778
1.0,-0.6969501394631467,-0.2573763470764518
1.0,0.07134177245284001,-1.2075328883286724
1.0,-0.23469241618614178,-0.656322101116092
1.0,0.9322015352278381,1.2199729340262233
1.0,0.9809588472552194,0.022188851404043433
1.0,0.20238126135234563,-0.6323960261205509
1.0,0.8971638822241035,1.2348109690956766
1.0,-0.6152750108283144,-2.347716551825161
1.0,-1.2143087470979328,0.23638648952609953
1.0,-0.09856713912453688,0.8682084856970641
1.0,1.1265666934874083,-0.30284584412237725
1.0,2.1840219952560362,-0.33533854548235786
1.0,-0.09776251176319276,1.0689345641882733
1.0,-0.8064168009710447,0.008847400142743484
1.0,-0.10000852618543496,0.6336175972212829
1.0,0.6268892256947631,1.296278390211618
1.0,2.07123930596187,1.2214540372986356
1.0,0.5904264312856544,-0.8275052797699732
1.0,-0.4134620064898945,0.013066793537115387
1.0,0.4670255984299979,0.29478738172352287
1.0,-1.697825124149098,-1.0019540424337692
1.0,1.3417089921764074,-2.1099042563855543
1.0,0.2653255869484644,1.0930360211120087
1.0,-0.8618537489618473,1.016642270160336
1.0,-2.9292676570088525,0.5297173169458563
1.0,0.09595292207744756,-1.7357938832119648
1.0,-0.06826014251769784,2.583985715236993
1.0,-0.7862114754723533,1.042310974170224
1.0,-1.4945355041186095,1.0372145341648706
1.0,-1.2053380100566498,0.9635397159292931
1.0,-0.9163846603821586,-1.2851988253063975
1.0,-1.0938740668784577,-0.7621686484249186
1.0,-1.3066982684790205,1.171820095894376
1.0,0.24268929994935798,-0.37266413043385105
1.0,1.0163887343519349,0.9931846373474759
1.0,-1.3435600068289597,-0.9392260957109058
1.0,0.13684538151207049,-1.7285640438115737
1.0,-0.17566506728118483,-0.06826971204234214
1.0,0.18507375727665767,-0.2909085631729131
1.0,-1.5839590983632466,-1.5169348838799273
1.0,1.2737725065355203,0.37232191732418
1.0,0.6228309944746246,-0.29370158737284735
1.0,1.691288535370019,0.15750641694438164
1.0,0.29928240893789454,-0.13348004855613976
1.0,1.272848004270708,0.10346836800246532
1.0,-0.5500383385151311,0.2494077208145943
1.0,0.1028038896261156,0.8421996542460146
1.0,0.8136312778669302,-2.1032609854868496
1.0,-0.8570989921157973,0.6945901210206006
1.0,0.036663206676611146,0.7602159528315644
1.0,0.2819864870821604,1.1456333304609192
1.0,1.3938812108499559,-0.14427794187048315
1.0,0.46548805523853864,-0.7521127933145054
1.0,-0.9075372306954794,1.8994963507986218
1.0,1.0343038605043395,-0.930205768766496
1.0,-0.006450248280790294,1.0352158786875643
1.0,1.1982841911122384,1.817515910766173
1.0,0.020337229486298566,-0.5803735852498654
1.0,-0.5658092068931332,1.7015548834634209
1.0,0.8389136294233678,0.03372189560577542
1.0,0.3632859319615001,-0.09812295267746182
1.0,-0.209594155413442,-0.2502010020290962
1.0,-0.5996264285337868,0.43807976014680033
1.0,2.0077244817092743,1.1352708659377249
1.0,-0.5282223036830428,-0.4073143422422992
1.0,0.519289704832888,0.43706816245624674
1.0,-0.19950124337086517,0.17401622947390397
1.0,-0.6466333796216307,-1.588537956887196
1.0,0.06234244109527161,0.2115024647567467
1.0,-0.8351005639626541,0.9914984965729335
1.0,-0.11370049750447968,0.1303123504580895
1.0,-1.7272796254092508,-1.3139426764374387
1.0,0.16470934406606258,0.5601434698780828
1.0,-1.7088217369108287,-1.7111841519090207
1.0,0.6243135893798505,0.6098136232016141
1.0,0.9643975433041237,-0.38088709469780263
1.0,-1.8170835322282075,-0.08677084034331416
1.0,0.49984033580279635,0.1403878358711521
1.0,1.004016348730047,0.1337095407762887
1.0,1.3153766517595502,-0.12410891398875205
1.0,1.0240879389228406,-0.24833832740468062
1.0,0.25747602135335407,-0.37558624342269203
1.0,0.09033586496577062,0.6003730615890467
1.0,0.5851821395852339,-0.3176941986843723
1.0,1.3273318412836348,-0.4425328107230653
1.0,1.3204854373931958,-0.9419931572946049
1.0,-0.4808955075244567,0.17702492291856112
1.0,0.8303116243269039,-0.3940511606652449
1.0,0.2508687904982565,1.049081417571348
1.0,1.4527089403132785,-0.9976783651584045
1.0,1.0986314964801203,-0.697728113529941
1.0,0.0857654524514373,-0.8738804327418889
1.0,-1.0746309920066475,1.351720929522085
1.0,-1.8080602933232717,-0.4099943684872811
1.0,-0.7133815776650694,-0.3060872828704899
1.0,0.2555541969222441,0.4934914522680288
1.0,-0.6591416281892559,0.6101153860013795
1.0,0.5476377109268727,-1.0740442315667666
1.0,-0.36257231440024895,-0.22800282552831233
1.0,0.13648546051353835,0.16678771585938149
1.0,0.42401603903289103,0.9243070548975152
1.0,-0.27312455153793397,0.316695940550116
1.0,-0.4931958406581345,-0.9534801990402819
1.0,-1.6025022864811633,1.301151876874288
1.0,1.4445777285164514,1.4923234668762584
1.0,-0.7708311978572167,1.6325255524505653
1.0,-1.6154339915926785,-0.7904325492301392
1.0,-0.025059440096962902,-1.312663831607025
1.0,-0.2033148689813754,-0.28961849320101385
1.0,-1.3380971918053175,2.030186739963844
1.0,-0.8687958737760391,-2.8471319420107926
1.0,-1.080950912640233,0.969795597298679
1.0,-0.4906242057515904,-1.246841979973767
1.0,0.8546473010318832,0.6963233648346616
1.0,0.1085587312906048,2.0297563776252976
1.0,0.7675109130744309,-0.49396251021076254
1.0,-0.1141240879189845,-0.4891932774659902
1.0,-0.7353145931451202,-1.5439683643173485
1.0,-0.31154879603911523,2.527489847879022
1.0,0.27505334540193177,-1.2054735368173624
1.0,1.4521662216949902,0.43624469009705086
1.0,0.8269410365649577,-0.23065260591806244
1.0,0.39992269874605807,1.0625731221564527
1.0,-0.6132210295087959,-0.7868772470343962
1.0,-0.07090201415709713,-0.5836552003113267
1.0,-0.6654101108903422,0.5357939783455291
1.0,1.423648876411369,1.0477201613924474
1.0,0.04388995964148303,0.989747526727388
1.0,0.8479267456910822,-1.5930052232739627
1.0,0.9117796832699613,-0.5728656549898017
1.0,-0.7128816344232876,-1.0513300855529577
1.0,0.03940524873591988,-0.575844289663402
1.0,-0.6202246509526539,1.0240139935762589
1.0,0.7904324450307738,0.29662035622226485
1.0,-0.5495869638031711,1.1915644894273836
1.0,0.28313048816786307,-1.6056180546334589
1.0,-1.1539771276862096,0.9188138995628164
1.0,-1.704308141316141,0.5951890696695016
1.0,-0.9397282276039638,1.7126825656004665
1.0,0.8576813562617357,0.1714133470279822
1.0,-1.9537220838955043,0.7606941619967441
1.0,-0.9575574587202877,0.4112626312791901
1.0,1.61564609968061,-0.39372241990936463
1.0,-0.5654353858190667,-0.15276262531881715
1.0,-1.0170155601772621,1.2216280074779784
1.0,0.8715674667024691,0.5792254004147523
1.0,-0.0361211767948106,0.08450558697439635
1.0,-0.21188738921297348,-2.137198372470071
1.0,-1.214529757849733,-0.5776120794027174
1.0,-0.86414550601518,-0.4075120293565234
1.0,0.8175087971143283,0.20481150458256356
1.0,-1.0099024611510015,-0.0060115071346746925
1.0,0.37461209133567147,-0.5517998995884249
1.0,-0.17706761557797665,1.0153601697284376
1.0,1.442264070828841,-0.7701202329487502
1.0,-0.8895207144736288,1.5579256105371666
1.0,-0.1990560643062635,-0.05676135622023466
1.0,1.135877846175207,-2.388969314577471
1.0,1.3182702011552372,0.33885295810167665
1.0,0.5398706013730317,-0.1508705729614931
1.0,-0.6279999901104659,-0.09413378785041923
1.0,-0.9251590658949777,0.8580010401445893
1.0,-0.0683360707326787,1.3184888288138066
1.0,1.77814785733335,0.4049592015717853
1.0,0.3768613828795066,-1.0844680549137662
1.0,0.6391573556795054,-0.23945953636132628
1.0,0.3622991825938307,-0.9419305370514957
1.0,0.2392364269739998,-0.8231923529105664
1.0,0.15231488346927793,0.29928992943378263
1.0,0.12307076778942568,-1.1138925378417326
1.0,-0.4161035169611521,-0.5561736807613084
1.0,0.5466491123587875,-0.82927756260982
1.0,1.4623609812912728,-0.83422610057473
1.0,-0.12241933620008756,0.5097636725989353
1.0,0.9359506570273419,1.3874773183529874
1.0,-0.27194242255216516,0.7419499362205596
1.0,0.35274407298759947,0.6188931696915313
1.0,-1.8533685795911334,-0.022543305250998867
1.0,-1.3748608297758635,-0.8176627433438534
1.0,-1.5807167359435428,-0.8365531383837411
1.0,-0.9000001577770131,-0.8030148788192933
1.0,-0.9857528224315163,0.9632056407631298
1.0,-0.06891837078241324,-0.6185350856767362
1.0,-0.19159916152362938,-0.8024496001250151
1.0,-0.4059169592470402,-0.2850799267562606
1.0,1.8441116484322662,-0.3584728775082994
1.0,0.4151349811393037,0.026239693285146082
1.0,0.230085730119612,-2.2135866969410376
1.0,-0.6377929520300033,0.449414702112807
1.0,0.4969795883817395,-0.8559954086826531
1.0,1.0774148785877986,1.019629399705022
1.0,0.4249626294401604,-0.7163775789869766
1.0,-0.5084490739538463,0.44618284295576566
1.0,-0.6574803164362264,-1.036006278172124
1.0,-1.353851058712605,-0.8905464656498048
1.0,-1.0757104620208298,0.2984578071514969
1.0,-1.6989701892208031,-0.1623196930760025
1.0,0.36328726941381645,-1.5592119151101624
1.0,-1.059572797152153,1.3684824334403594
1.0,-0.8212545578145806,-0.4139735391720815
1.0,1.2806341661884002,1.0867923444714398
1.0,1.576659585009993,0.12915719175506415
1.0,-1.222035435722023,-0.9421622714519786
1.0,1.0780580498726378,0.2693946842070304
1.0,0.14243625611040614,1.189473287278694
1.0,0.277605415152329,-0.4730066353404273
1.0,1.1509450439400577,-0.2580533284097725
1.0,0.3637802409963053,0.4019344290078363
1.0,0.7730868616741682,0.13805561651080647
1.0,0.5857151953652706,0.836929786832448
1.0,0.322113988352771,0.18046997889627786
1.0,-1.2710595274921908,-2.1503728013102856
1.0,-1.986890816714773,0.5703603438303902
1.0,-0.5023202886423537,0.6704089732000471
1.0,-0.17299309755071177,0.17221473348942262
1.0,-1.7641740541897486,1.3763210774420915
1.0,-0.46716855188854567,-0.7723274488874166
1.0,-1.0685128927995056,-0.984730338087697
1.0,0.9584823314971883,-0.9029915027209929
1.0,0.6330949567684419,0.17887532940963524
1.0,1.1428780642706202,-0.08557977748607869
1.0,-0.4571488368040562,-0.2221628144275098
1.0,0.777305220334085,0.6677291217454924
1.0,-1.1119653492027255,0.15387371579148929
1.0,-0.16735723496431748,-0.46318841497993885
1.0,-0.9668393604873621,-0.31796990787249757
1.0,0.4208289921121826,-3.0472995065964823
1.0,1.4471850016701462,-0.0013545160563258546
1.0,-0.36794046387266516,1.1111055848590496
1.0,-0.23874182231633898,0.8644617371227268
1.0,-1.0784524407160632,0.6956270637509576
1.0,1.2752480638548798,0.056063534217784684
1.0,-0.4152955271612335,0.5727253345597434
1.0,-0.03851399000631201,1.2470023743808947
1.0,-0.40256957233488583,-1.4151999774124937
1.0,1.5584852407257874,-2.089603906388243
1.0,2.026994793956539,-2.0507992314406187
1.0,-0.8145063989562683,0.4640678686658469
1.0,-0.21724944198276563,0.06532887980853096
1.0,0.09195399156498507,-0.8686072938242696
1.0,1.4884915805172698,0.5504727645282436
1.0,0.12890304695381805,-0.25075305185019137
1.0,-0.43747733909221825,-0.1504907194995082
1.0,1.6130795997530094,0.5502510728237114
1.0,-0.10434670345463866,-0.3479943573514116
1.0,0.4955843055323378,-0.25075414582081734
1.0,-0.36893938296558565,0.48888918391459174
1.0,0.3064778773351504,-0.9715833656733018
1.0,-1.5220992355874141,1.7665516491046902
1.0,-0.7869940872657559,1.1019157144647098
1.0,-0.6654313247780137,-0.032040175226415786
1.0,0.03889430033990692,-0.027892824825403065
1.0,0.917471490825265,-0.5882691065040087
1.0,0.06537407446247587,-1.961599181104849
1.0,0.12859203856412563,1.264182691638991
1.0,-1.4140048195819477,0.08898597703801774
1.0,-0.583166628021828,0.8270731579229109
1.0,1.1136087486456356,-1.4695378008335607
1.0,0.6291800649401285,1.3819969756466728
1.0,0.26630854411573635,0.2760944797564783
1.0,0.7524131421788516,1.4926847603385274
1.0,-0.6811915830978265,1.1078198106328814
1.0,0.26379344303978397,1.0321757799890534
1.0,-0.7141638376555398,1.026293873895525
1.0,-0.707002595323629,-1.5047918362834587
1.0,-0.1411568953812643,0.669316138476824
1.0,-0.14270352607381004,-0.8559528048727857
1.0,-0.13607849980047404,-1.458290832735497
1.0,0.837376904387803,1.2411850064599743
1.0,1.5035787760139807,-0.13673840052646785
1.0,-0.16280992040154457,-1.1144747394349812
1.0,-1.5277678788260751,-1.1901654014983423
1.0,-0.6668549662486087,-0.24301231465167084
1.0,-0.5176003751213576,0.6922270986461299
1.0,-0.5047327969216069,0.3509114908448175
1.0,0.06392676800381103,-2.6039985395801826
1.0,0.9715766082352327,1.9612961125947104
1.0,0.12968114409674622,0.33641099302183575
1.0,-0.0002337900614244695,0.8822889013874711
1.0,-0.30585895546504543,0.766410820046826
1.0,-0.35967982251098274,-0.09727513009612147
1.0,0.7531947572091588,2.0893333851005
1.0,-0.22333063827727737,-0.8017659152772256
1.0,0.9681069059420894,-0.06388510846678491
1.0,2.3108570310268135,0.009235370091099085
1.0,0.5518138470487498,-0.007235784454635298
1.0,-0.2585470439901671,0.6917399602902918
1.0,0.6979243619282123,-0.4851361883639234
1.0,-0.3630956391979563,1.1440493762709467
1.0,-0.4369736623665529,0.2726457781538715
1.0,0.44887391760852885,0.7265461156783601
1.0,0.5619307349635415,0.31398099612730596
1.0,-0.6595852143965083,-0.4943557117875516
1.0,0.2651387522789303,1.6342096973633393
1.0,0.28628762246725625,-0.15791769057622337
1.0,-1.5767370768334832,-0.16437639866643516
1.0,0.04627891137230148,-0.6016069688055751
1.0,0.19534666062453127,-0.4335556182287891
1.0,-1.9156309144619887,-1.4023035097357672
1.0,0.46755285109526346,-0.40641620558121877
1.0,1.392121793248614,0.5744538238043696
1.0,-1.1333469216041898,-0.36609871093486906
1.0,0.09848289608566178,-2.4558071107330792
1.0,0.4963976897480363,-0.2974488435318808
1.0,0.6764615426656826,-0.9266054536958859
1.0,0.07356983602887252,0.8377078164716961
1.0,0.5970341305345344,-0.9840974646897744
1.0,0.5277250645447701,0.05490248329902084
1.0,0.41005732110256693,-0.019077168269439053
1.0,-0.1139297492069834,0.28605458013105306
1.0,-1.3511717081839383,1.2397298461496473
1.0,-0.6672820276654209,0.4696693703147406
1.0,0.22908159097265932,-0.0862021772476898
1.0,0.7629339571584495,1.3538681024463182
1.0,-1.5510213694073542,-1.6696955704295906
1.0,-0.7918507458615566,-0.5160901486513573
1.0,2.0690066689738265,-0.5821073214853358
1.0,-0.9202349647408277,-0.003750010324569942
1.0,-0.6910782080343818,0.8182850194222411
1.0,0.48114588897363886,0.09863288731478026
1.0,-0.6293758933446182,-0.23395982798505555
1.0,-1.3427189754593507,-2.047762717321794
1.0,1.5403071312303829,1.2283573438144166
1.0,0.5951887749244693,-0.32732490801823766
1.0,-1.0379940453606324,-0.0194790077129702
1.0,-1.290586014161168,0.8394542902519311
1.0,-0.9791045578243519,-2.7136858150346193
1.0,0.5816434800755054,-0.9028789769514112
1.0,-0.8281811004697268,-1.2107762647796207
1.0,-0.46531880375168366,1.3805075440768535
1.0,0.4312368807128939,-0.7116106767919912
1.0,-1.5300928062114962,-0.29382188880275784
1.0,-1.9902917894574657,-0.3212027123837475
1.0,1.0367035141487013,-1.0205051657438724
1.0,-0.15915381209113713,-0.13257647536468167
1.0,0.10310899797928405,0.8155737812043338
1.0,-0.6023927308527015,-0.5185587562757434
1.0,0.4250284938540576,-0.38543308583605324
1.0,0.14153959844453876,0.11889383120961536
1.0,0.2652477996838458,-0.5384476401547488
1.0,0.3981959773407895,-0.1959190964044369
1.0,-2.287872152588895,0.7257199969787212
1.0,0.7810534335449437,0.23442743123179863
1.0,-0.1986827281727619,0.7886853040942042
1.0,0.6654588972578958,0.5236658295659784
1.0,0.6278159568741213,0.43369860951072375
1.0,0.6051890451534675,-0.3778425801661542
1.0,0.09820430462240966,0.18421511963776074
1.0,-1.1181479786226856,1.563042761115112
1.0,0.07148349788709431,0.03275477712222623
1.0,-0.6984213460906814,1.0024278944890181
1.0,-0.06715164824441375,-0.45927477607429723
1.0,0.24815317495099853,-0.27056956901266255
1.0,0.7210577246205129,-0.9782622782563997
1.0,-1.0368004041015682,0.8525436652976685
1.0,-0.6599358922627772,-0.3842747752890482
1.0,-0.17744240281383816,0.13518533532528199
1.0,0.6332050212974009,-2.5715913786177196
1.0,0.7156756881733753,0.42456828067885644
1.0,-1.2824199703634953,-1.7570129772561378
1.0,1.5919691019836977,-1.6246652834275965
1.0,-0.9038264249073689,0.1332079236793684
1.0,0.526109393527049,-1.4059512331926294
1.0,2.2964038059263245,1.383303010901713
1.0,2.0349416841941936,-0.8411616880305727
1.0,-2.6749952894596993,1.032215710385775
1.0,0.7269488450942907,-0.18794421974396322
1.0,0.12067771523167081,0.9612806942076435
1.0,0.19289434260299393,-0.7800419903985263
1.0,0.3516762020111605,-1.5022074724586993
1.0,0.5672774307655857,-0.9786200205320102
1.0,1.7065094079406273,0.5438879030578987
1.0,0.9581890122759239,-0.0035765935844740727
1.0,-1.8776367045789428,0.5507631305955921
1.0,-0.7026629029083589,0.14530868805339892
1.0,0.3552793741248847,-0.5153853491212473
1.0,0.26989078531008187,0.5679457503304177
1.0,1.108749881545756,0.4704442103709557
1.0,0.5161563411886806,0.683411399521968
1.0,0.16460856339221805,0.11656709275360214
1.0,0.47120933891774985,1.7612650128453025
1.0,-0.7991205291880008,-0.6122204882273826
1.0,-1.2791619526286262,2.8494535424520175
1.0,-0.746511545608052,2.2028894402288155
1.0,-1.6960623240882662,-0.5457275510608431
1.0,-0.02587851909023971,-0.6704598975280353
1.0,-0.5618092454268508,-1.0731654540098157
1.0,1.2690603652603065,1.0062246758891629
1.0,-1.8327214435393637,0.8762859485197635
1.0,1.1932461641420444,-0.16895006044640581
1.0,2.2163184393225426,1.1030892252530016
1.0,-1.1610382977292697,0.6732381630128869
1.0,-1.1553722659665717,-1.8077447647242513
1.0,-1.278905817626383,-0.46080130660976
1.0,-0.06842747443113543,0.2354052845051909
1.0,1.2569000147053535,-1.4944041343194678
1.0,0.4575368614896696,-0.9771047613451942
1.0,-0.5372221289243447,0.9071801075950385
1.0,-1.9671275992918575,-1.2777157807412323
1.0,1.2605600625960243,1.8104880327795272
1.0,0.45262402898967613,1.0055004219191959
1.0,0.16111058971125086,0.2771317584258573
1.0,-0.3450512498850791,-0.6917049072101673
1.0,-0.08034394484227214,0.09120015490112036
1.0,-0.010963687700669314,-0.06492850683183989
1.0,0.045722131836680904,-0.09552395612076357
1.0,0.0976432509196971,-1.778201271236288
1.0,-0.2340248782566147,-1.3025935082531472
1.0,1.0714365168525015,-2.81526664186252
1.0,0.4379090768002767,-0.1527271988576566
1.0,1.0828611310281513,0.576252382243194
1.0,-0.2752718106646544,0.0015158810295074717
1.0,-2.2163983250363986,-0.6337445089028836
1.0,0.9520163292688398,0.2776320960827711
1.0,0.49346482759471916,0.2867615018434322
1.0,-1.367961389119273,0.9776959149441644
1.0,0.32106319721653054,0.3997130016534019
1.0,-0.3927133457999016,-1.3245676845320566
1.0,-1.3531839341135858,-4.163435322673498
1.0,1.3696739645960934,0.7545890953110846
1.0,0.42380634349793556,-0.06465160268361715
1.0,1.037121813184477,-0.6674783070632986
1.0,0.6239873124023383,2.4350841084081467
1.0,0.17477002597274963,-1.3577537423407344
1.0,-1.4072998766176736,-2.3297709817336263
1.0,0.9108072712152105,0.7143379375730011
1.0,-0.42401108313864394,-0.6410211727337188
1.0,-0.8235775218686551,0.4705032972302092
1.0,-0.3894425687769353,-1.012771828240606
1.0,0.1358702245876725,0.5095454862615943
1.0,-0.024020080600287434,-0.5067951073852852
1.0,-1.3766066065848577,-0.2244618754685177
1.0,0.03310235610776089,-0.1878381411556751
1.0,0.7096293082384619,1.8035954895700426
1.0,-0.9983580490120704,0.919358295379627
1.0,1.7409002436370866,0.181540493871427
1.0,0.8152754812910156,0.7813377361782557
1.0,0.9963761043091343,-0.7604565386965774
1.0,0.16584739900681014,-1.9174716700008398
1.0,-0.3451499838005813,0.40862623314285934
1.0,-0.9132402083477885,2.619046487614803
1.0,-0.11312389556595137,0.06022731727989395
1.0,1.6889784697250012,0.5031090276277386
1.0,-1.5469109296330907,1.0840480712614002
1.0,1.058522025712636,1.964502862360222
1.0,-0.42900400484299483,0.06291340192151637
1.0,-0.6318413290766086,-1.749542104905219
1.0,0.7914236376153341,-0.717270500293235
1.0,1.488714387915073,0.24085022920433422
1.0,-0.3900194259524347,-0.5392343798589366
1.0,-0.9602252183303404,-0.5178260904651237
1.0,0.32519343909145143,-0.01433880649748365
1.0,-0.47203827530684567,0.623330180269436
1.0,-0.570322110945803,-0.5871966691617906
1.0,-0.6651228495883332,-0.5095805465761106
1.0,-1.840093689526446,-0.15842525359628717
1.0,-0.1921777364377318,-0.8888149799417626
1.0,2.0441779271915674,0.5413382514996317
1.0,0.8679477882443206,0.410905514710356
1.0,-0.9567697522587344,-1.1472568773767655
1.0,-0.8317540028703002,-0.4534627498659885
1.0,0.9787427539248649,-1.228937835476427
1.0,0.6284418847392057,-1.1231863349871798
1.0,0.6536212661330287,0.8678955739416201
1.0,1.3809767383210523,0.7871123894075749
1.0,-0.3936784959618814,0.1697850626748505
1.0,0.5273952406793961,-2.6308253907340915
1.0,0.14874878898664062,-0.5499080783224767
1.0,0.5941793681639602,-1.0749635191196851
1.0,-0.7422215112433973,-0.8073570150491409
1.0,0.16939207249618754,-0.17739411365119137
1.0,-0.2646668307490251,-1.0652266013331866
1.0,0.48053297445994947,-0.459601465316853
1.0,0.5076123834019265,1.0476124704944572
1.0,-1.156787498305154,0.38527669972883055
1.0,-1.5690637463757597,1.0209143038301118
1.0,0.21843001341248477,-0.4837793942430205
1.0,0.8322652324747809,0.10345416293920734
1.0,0.8585392934004743,-1.2014384663089515
1.0,0.9654277213047047,-0.6708479391373642
1.0,0.8254053766167497,-2.110073001740334
1.0,-0.5713098108839894,0.260120136893537
1.0,0.025861327400287258,0.42481927647333156
1.0,-0.16918073929044328,0.23341421500648868
1.0,-0.14677803873494769,-0.9437909276599746
1.0,-1.36631626431295,0.1958424523712182
1.0,1.6644554014046042,0.717082480762217
1.0,-0.8131724054881997,-0.8065282542671359
1.0,0.017580506599161775,-0.05820050280427393
1.0,-0.049425597760506305,-1.771897664049055
1.0,-0.3086505971197225,1.0836160799873689
1.0,0.813577345614082,0.4039972825590233
1.0,-0.6137781261023526,-0.45355669270776006
1.0,-1.1077492439309335,-0.2727822148788574
1.0,-1.371701018871125,-0.07211145901867602
1.0,-0.9813238440989266,-0.2682758911952231
1.0,-0.422203811359238,0.10956925571956856
1.0,1.0086741070826328,0.6210651881993836
1.0,-1.7276446535430396,-0.005168271522319744
1.0,-0.09561227867084134,0.6167942610003285
1.0,1.0664070488879946,0.36869749565666804
1.0,-0.2101144245084802,-0.8397965869130638
1.0,0.22667789458641482,0.08898472406064631
1.0,-0.4560583499172417,0.09167022865816653
1.0,1.0377223368268713,-0.8273522135907789
1.0,0.5391650003252133,-0.8486296919682986
1.0,0.5835260867423184,0.5806903074041413
1.0,0.02070787709975489,-1.211583813459946
1.0,0.7982285258492897,1.112061536707288
1.0,-0.29397416727551356,0.07947786091879573
1.0,-0.08152360654822469,0.2523347091166397
1.0,1.5217947723126866,-0.5559420976093976
1.0,1.0259873549234508,-1.7784674930493534
1.0,-0.5569988426453353,0.4550833849588489
1.0,0.06922746382594691,-0.3420154696632088
1.0,0.1469295390797312,-2.5531242853239053
1.0,0.7181855926955905,-0.9947573787141676
1.0,0.728240837774571,-1.0592664041616788
1.0,0.7916629496741443,0.2548271663789738
1.0,0.4262235494944912,-0.9711868061551318
1.0,1.087647399333366,-0.637432769982602
1.0,-0.4115591350101149,0.272966068183493
1.0,-0.6367255628147204,-1.2161009386489414
1.0,-0.03392652323458789,0.5306702671076725
1.0,0.4747614806982524,-0.9002225983345905
1.0,-0.43028710239704493,0.30615913599189576
1.0,0.8099781555509483,-0.7850203134763136
1.0,1.589290107720697,-0.7680545284117306
1.0,1.3035669682721194,1.0063100902011788
1.0,1.1240954637029938,-0.728307183152225
1.0,1.5079962707778902,-0.858833322011544
1.0,0.5823119518465275,-1.2109308844238968
1.0,-1.5116905481948346,-1.746589567397205
1.0,0.5117618678345586,0.3058481798749364
1.0,-0.35475247118582715,-0.10280904288137947
1.0,-2.340187958365645,-0.05439935158785459
1.0,0.712050639292507,0.5250274727959086
1.0,1.2450557975889325,-0.0824130307362232
1.0,0.3279026825123575,-1.0944331699710506
1.0,-1.3987916686864705,-0.6131204833940198
1.0,-0.441411231245038,0.6184000669638093
1.0,1.1050385647713195,-0.8537266265242069
1.0,-1.1367383189027997,-1.2132173851072114
1.0,0.34262861490784113,-1.1974325659891545
1.0,1.020900880083032,-0.07692043665054901
1.0,1.1183787825736025,0.2278413107315893
1.0,0.028577858161705622,-0.9431061182818136
1.0,0.41859317755010467,2.2302126084126765
1.0,-0.949808458352562,-1.00160369844949
1.0,-2.2047634318302975,1.5737203368666846
1.0,-0.879306942057757,0.6014705973585356
1.0,0.14331333904069016,-0.5627926923938251
1.0,0.15714390949212964,-0.13274138758320428
1.0,0.2842851447311205,1.8943308467257813
1.0,0.8776397630888079,1.2426327318485675
1.0,-1.825652618687688,-0.5192220937242508
1.0,-0.4499737906964595,0.9516078016086237
1.0,-0.2197153638039002,-0.5794535696331554
1.0,-0.40022577103251356,-0.7220828320506582
1.0,2.375664986004841,-1.5685997449730493
1.0,0.1622615737302684,0.4954602807753283
1.0,0.1322007340509347,1.8732490334179541
1.0,0.5254080805962115,1.4316834480964493
1.0,1.018552078107647,-0.722739451665547
1.0,0.1639757615026816,0.7061870088531514
1.0,-0.6803554228930443,-0.5048056948425508
1.0,0.8293645112036434,-2.081923573161069
1.0,-0.49762570237402615,0.8631732823613774
1.0,-0.1131684677834059,-1.1143977382149903
1.0,0.390205554390907,-1.2032744251340335
1.0,-0.31753917044994,0.8655824571115917
1.0,-0.09895314188104047,-0.3314546843139243
1.0,-0.06144057596394163,-1.1474379581712066
1.0,0.7999407728529709,-0.7079672831313099
1.0,-1.0782319974192969,0.9617125337512488
1.0,0.5185995062997519,-1.1737065287213204
1.0,-0.07229889191857687,0.758400488309231
1.0,-0.2733486664453002,1.8683097005648512
1.0,-0.3865008509430166,-0.3920859164496077
1.0,1.4217639275808802,-0.6425495186592186
1.0,0.23537270510092595,0.39496031406619264
1.0,-1.3799329299962286,-0.2868954399566676
1.0,0.12350877479491258,-0.17522042946200322
1.0,-1.1519242386435677,0.6243450679289633
1.0,-1.5995022633363063,-1.8178653709157275
1.0,0.7951889926427145,-0.7661945072798809
1.0,0.9262424062097617,0.9044323801555266
1.0,-0.04994151872589738,-0.19081125311798053
1.0,2.7003790062989546,1.317109233972619
1.0,0.268421207905632,0.2474530275504217
1.0,-0.13307818702602375,0.1227168553893171
1.0,-0.37880321617194695,-0.15664311818589033
1.0,-1.1368973765831747,-0.15661777481336575
1.0,-2.5352719481025403,0.6041082171584713
1.0,0.41784128011941435,-0.3863305237825734
1.0,-0.5884151065060166,0.626005166135209
1.0,-0.4150045352011741,0.515515050500157
1.0,-1.5452775657998752,1.810410658802801
1.0,2.0642378443698086,0.7167562107560378
1.0,-0.7933410688433288,0.08941259479694619
1.0,-1.9344159288236276,-1.2875442588060237
1.0,0.5304835725569231,-0.31080408007094507
1.0,0.3032494908387502,0.3503678089656133
1.0,-1.139984100229044,0.25549818692572684
1.0,-1.5756120598218202,0.43847017351807555
1.0,1.3454108731994916,-0.958830595170465
1.0,0.4966895354378633,0.5119455035756998
1.0,0.8739149959064945,-0.38279903461861076
1.0,0.17886488253385174,-2.4175571707227483
1.0,1.0984852748352352,-0.3329748529504182
1.0,-3.0798447353838134,-0.7104684882661338
1.0,1.070623525279465,0.9247118547099936
1.0,0.9068080855465157,-0.3842802238069747
1.0,-0.8173407082955358,0.22246469946046715
1.0,0.25749278135989834,-0.05908449177840418
1.0,-0.34956275771119455,0.7871579260355348
1.0,-0.2135636166869776,0.31569384663475636
1.0,2.4227339786352164,-0.1609498982382314
1.0,0.5643053555465952,-1.375874638465401
1.0,-1.468594105426069,0.47009770289909547
1.0,1.1710887445477551,0.06387669817781122
1.0,0.3523163608116311,0.47221723883968797
1.0,-0.912127915909143,-0.5149912098274552
1.0,-2.886226411387439,1.6589120735218534
1.0,0.5075574944728545,0.32117507230852005
1.0,0.6933884643659736,0.030778591007494825
1.0,0.52983640031908,0.44751729363104176
1.0,-1.0896052048865092,-0.6917793904408311
1.0,0.6032496104207723,0.8986515838031837
1.0,-0.8339234472977692,-0.5318039471610677
1.0,-0.4594626443179473,-0.9307305025898297
1.0,0.5668895862894026,-0.7089249351181852
1.0,-0.4465953899826171,-0.7721857196095478
1.0,0.23877128731277183,-1.02042009654485
1.0,-0.1567322859472976,-0.1553829826003027
1.0,-1.4057295948192865,-0.28301118702064876
1.0,-0.02990220548304701,-0.6385980628583061
1.0,0.1377858972876881,0.9054654566627515
1.0,0.59129426179283,0.5809244771864451
1.0,-1.2984890238553521,-0.8312113561883168
1.0,0.8122183894492788,-0.6171424372124185
1.0,0.44101821378054124,-1.3799161764741361
1.0,-0.2843196639953611,0.2659516019125706
1.0,-0.700675717081802,2.062695422722051
1.0,0.03324521024448828,-0.14617446492870945
1.0,1.0298358521431514,0.9435584791758165
1.0,1.4209029782104643,-0.8482190446397091
1.0,0.6383807314585557,0.6505029990820888
1.0,0.35280442028007747,0.17796226735135925
1.0,-0.5867803217824034,-0.09746732849506094
1.0,0.714249326274708,0.11547279545272321
1.0,2.0214859993862286,0.5631627503459262
1.0,0.07935827129650454,0.8254923646493785
1.0,-0.5659362825701574,-1.2976171229172755
1.0,-1.6784178532965477,-0.07807983639558434
1.0,2.203800277505317,0.10793017293562536
1.0,2.3890161531141603,-0.5755923869473394
1.0,0.3503998486312905,-0.18073247469076031
1.0,-0.6647043215868581,0.6023923891788384
1.0,-0.14891972625621755,-1.8657668142364807
1.0,-1.276430793384017,1.7263645522551005
1.0,1.99234047595799,0.7240420047525541
1.0,0.6848307677737927,1.4051566520202747
1.0,1.505485660153105,0.37124996169332874
1.0,0.9790959353724603,1.7790341168590467
1.0,1.27587238993563,1.7795918586825272
1.0,-0.5208446499897956,-0.2533912421520883
1.0,-0.44577874395933953,0.2189885103075859
1.0,0.17624434977364387,1.1839129828191999
1.0,-0.9303448440084896,1.9893428223978247
1.0,-1.4725501870219149,-0.8838292238056364
1.0,0.9716300088149162,-1.3786539700236249
1.0,0.3535926576722934,-0.06664344931822502
1.0,-0.7947821071557014,-0.9209070545092429
1.0,0.16085082342188214,-0.16161081713624384
1.0,-0.33309860795768287,0.2534572173594665
1.0,1.2736420767431538,0.2135746802340245
1.0,-0.6677893544562142,-1.309764426740758
1.0,-0.8486908383240607,0.907789674801668
1.0,0.05709014034947927,-0.7098166143336377
1.0,0.26937385116787554,0.5883735878073276
1.0,-0.404038781947202,0.2758778854184316
1.0,0.9691805222801791,-0.044524381258091404
1.0,-1.500124919947497,-0.0550879366348241
1.0,0.3405845273452134,0.29042683099803684
1.0,-0.22952191774264624,0.4679195286157495
1.0,-1.344182432002346,0.5515534697188588
1.0,1.6724699249782982,0.5692977435555207
1.0,0.4941577342825226,-0.3585202686865102
1.0,-0.6658620223807774,-0.0391262012825217
1.0,0.6898036247567508,0.4694578616011788
1.0,1.150778704251353,-0.8510061643371093
1.0,-0.5721928863631758,-0.2522169264909278
1.0,-0.5364373463576728,1.4887113431840246
1.0,0.5831969694467551,0.3808364472557916
1.0,1.0494697965642823,1.0194581943924552
1.0,-1.4048101602333685,-0.5199759446578663
1.0,0.03139994468801089,1.6812809493494165
1.0,0.8769700983864133,-1.0481048988368273
1.0,0.5759628926639618,0.01843631520204652
1.0,1.4419746471770882,-0.44547882969624125
1.0,-0.5853182784382852,1.2703947771234605
1.0,-1.1837733346788197,-0.7781493778480226
1.0,1.5064603737729496,-0.11588776674441342
1.0,-0.8559599108025582,-1.2850630479011655
1.0,-0.6416985906153762,1.4987852980169643
1.0,-1.999621163084244,-0.11455562337391842
1.0,0.30249300642684185,1.1275218135717202
1.0,1.2538377956392073,-1.6378766890293706
1.0,-1.800740785465577,0.4104948359095919
1.0,1.2923755495909792,0.6104316239875409
1.0,-0.2497055161422225,-0.20676240580170882
1.0,-1.6452868176040836,-0.16740590949797013
1.0,0.4548014457043069,-1.6771423251657784
1.0,-1.2260207079507168,0.8988051780205405
1.0,1.8674177831806111,2.0795909226141416
1.0,-0.9186079504243724,-0.6256862774265942
1.0,0.8610813631995623,-0.05780137809749097
1.0,-0.18829768493253424,-0.021047098189373035
1.0,2.0974531901290647,0.3389473399918995
1.0,1.0226764365407741,1.3800954075011689
1.0,-0.17802150903394187,0.3505006192049431
1.0,-1.13056729611229,0.5883312156102547
1.0,2.3219802421432085,0.24601318081155965
1.0,-0.20968624106347952,1.0639721824980084
1.0,-1.2234457368544767,0.008988089766088617
1.0,-1.4978661654118233,0.7015655102147125
1.0,-1.0998846470268935,0.09835381405580575
1.0,0.632624293022698,2.302729623882571
1.0,1.4151867774738802,-1.151395094363911
1.0,0.6697097546532005,-0.6979719187757106
1.0,0.6692023192042966,-1.0330352066187782
1.0,1.7350608451228418,-1.2285701592033174
1.0,-1.17885641110633,1.975889186511294
1.0,0.535117251121661,1.0107738338048258
1.0,-0.4061173462025078,-1.7659452167997878
1.0,-0.8470837925671953,-1.4679522795855657
1.0,-2.9772675623183447,0.34147491917156336
1.0,0.5635543876927327,0.2430653325408585
1.0,0.481740434749849,-1.1548985478389973
1.0,0.10519254259726991,-1.437825062122777
1.0,-0.6710578266730567,-1.8943476444339307
1.0,1.2482300010899272,-0.015921280985393478
1.0,1.5142543177902827,-1.9188429793366477
1.0,-1.1064078126613268,-1.2951823514207914
1.0,0.10187900739259972,1.1644744647446255
1.0,1.8963472429325388,-1.0020910930867264
1.0,1.7576840894151322,0.53184987146331
1.0,-0.40460278746760464,-1.3369876154554423
1.0,-0.000804161867889957,-1.2069839894576824
1.0,1.1364150198427283,1.4827815298004239
1.0,-2.026904428909843,0.10242205191149038
1.0,-0.5098421734842364,-0.7426307541949867
1.0,1.2852428715888216,-0.40110134345411563
1.0,-0.4753006033515509,0.3392918942939684
1.0,1.0035474658063517,1.3181706149628891
1.0,1.5843703531091993,0.732344858827671
1.0,-0.8186447617471363,-0.16073375130072848
1.0,1.0063482035480997,0.46925337148205964
1.0,0.9816379514685662,-1.1547085738965093
1.0,-2.046904229077625,0.5641087700057126
1.0,0.5075370514773136,0.19526800423032306
1.0,0.8113316327816954,0.569572515496455
1.0,1.4385527768804838,1.5252519288828978
1.0,-0.2867248593561518,-0.5460407491546494
1.0,1.5007273880452732,-0.3866936913014794
1.0,0.7584443681945505,-0.6191316936064956
1.0,-0.3443670490513932,-0.20362352952786938
1.0,1.125636557483064,2.617325862274673
1.0,1.4029715939487977,-0.31881767691655805
1.0,0.6871359286341215,-0.7571179567181442
1.0,0.801529849424005,-0.16018965346567698
1.0,0.6431034809002708,-1.1800469319241385
1.0,0.7176711774008238,-3.056470978543883
1.0,0.5900333159109549,-1.0787739544922839
1.0,0.6706472659666032,-0.39213563448144995
1.0,0.5472125704093431,-1.7839875462289538
1.0,0.8395870280622316,-0.2814352595338874
1.0,-1.078069649803644,-1.8133446192221598
1.0,0.05476436175974541,2.0969961536714012
1.0,-0.3442325760695414,1.0596460410267716
1.0,-0.08688756003955575,0.9791438891189754
1.0,-1.4416823345016552,0.15075576603875152
1.0,3.4283049006708426,2.0122318576877287
1.0,0.4930235404725151,-1.3891999700515822
1.0,0.6243927212017951,-1.9935186644478944
1.0,0.9299207719689786,-1.3592475772053807
1.0,0.9420727572447838,-0.5796510657434206
1.0,-0.8086048427655846,1.8669530222321298
1.0,-1.9100980993110197,-1.446951410969578
1.0,0.3023851274092891,-1.0876294291510225
1.0,0.6108408579635897,0.7250854035050344
1.0,0.49482688161911387,-1.7891838468491303
1.0,0.23768118667355265,-0.9165650180785287
1.0,-1.8758513049239156,-1.1693737358108427
1.0,0.36479871984387935,-0.6251043098074607
1.0,0.0064136756933672505,-1.213665747983639
1.0,1.168344976241454,0.2716299862988969
1.0,1.8055362411789604,-0.3494307382935056
1.0,0.8420163190558382,-1.7346097570121708
1.0,0.808255046992062,-1.6588248370481882
1.0,0.8805510528140703,0.7312682269691166
1.0,2.4532333002887023,1.0541677533402998
1.0,-0.7924307705198925,-0.29797607912491125
1.0,0.770128789700964,1.173521275984036
1.0,0.962439177335429,-0.4530055187572243
1.0,2.9168005882469106,-0.44840810151666827
1.0,0.9296768071791907,0.6326782547914551
1.0,-0.7121206269657373,-0.04724228240126213
1.0,-0.26383506542653984,0.9044822566054257
1.0,-1.3645799435735184,0.7955358254329806
1.0,-0.8951585427478551,1.2201634548593603
1.0,0.5036344458163504,0.7162266486421273
1.0,-1.3859445176820995,-0.716438070024775
1.0,1.4005058070293557,-0.04504372675500355
1.0,-0.10355623748900784,0.8523414026154199
1.0,0.5807926348501637,-1.736920321342841
1.0,1.5303746916626242,0.4918102526876945
1.0,-0.6169693664565657,0.1956427940858721
1.0,-1.2798113338883617,-0.4930845927895628
1.0,-2.617281926163879,-0.6741285870978914
1.0,-0.1888033802606032,0.9262015951503836
1.0,-1.433601722209001,-0.15618909864413844
1.0,0.9612544515874734,1.0446865745705387
1.0,0.0019626070294987905,0.5029540082942432
1.0,0.601898136415929,0.2564437142103677
1.0,-0.7152714870336736,0.4301485990749942
1.0,-0.15053684546958446,0.15160805068185715
1.0,0.25182591547189476,0.8515412820770303
1.0,0.019198429169366454,-0.04457759643349968
1.0,-0.7636754830266252,-1.6139474977221173
1.0,-0.5708324096638254,-0.8787031517754673
1.0,-0.6665791084049127,0.9525598743045159
1.0,0.6297218722005216,-0.2167310265356419
1.0,0.7338235884806636,0.23109251631180178
1.0,-0.3577561095181476,2.0714129778500228
1.0,-3.08882796903965,-0.5393816655178789
1.0,0.3191636653696569,-0.7058100280814292
1.0,-0.9496009697365443,-1.509266104731937
1.0,-1.9182678260469208,-1.7967079113575783
1.0,-1.3512142087302825,-1.250289121784227
1.0,0.06470008175883074,0.01899154608396834
1.0,0.6879087047511959,1.4453275797360006
1.0,-0.3531658911850089,-0.22308170920703888
1.0,0.8772877144262695,0.12454906769716556
1.0,0.24826442642921615,-1.4235391120596752
1.0,1.1775882600761132,0.5222641437016173
1.0,-0.1236284368409228,-1.330785744302189
1.0,1.6729681039505926,-1.3810915727694824
1.0,-1.803307880370902,-0.7801013774760992
1.0,-0.8345995701693177,0.8638456702916172
1.0,-0.5661047835821306,0.6844348254717303
1.0,-0.9171103245222323,0.0612461500320558
1.0,-1.5822936732592616,-0.07323436694167054
1.0,0.03276611740095028,1.5590952159304374
1.0,1.4783659485652991,-1.550222936994853
1.0,1.9431754965655321,0.13977035185355235
1.0,0.5366479025199143,-1.1192926725971293
1.0,-1.013303953020357,-0.3480734142491066
1.0,1.1878673475462806,0.2715146983071838
1.0,0.3160800888715998,-1.8120995415878178
1.0,-0.0009241984962949981,-0.5749346913832009
1.0,-0.37631286244571943,1.1773270690335949
1.0,-0.39391096809319504,-0.8330572986196036
1.0,-0.2658432204933301,1.1001244863295427
1.0,-1.3035676161922543,-0.19744917983748284
1.0,-0.3459845975579084,1.254236362693714
1.0,-0.905863998800641,-0.21775367191162945
1.0,-0.44022420078026464,-0.5260903870459033
1.0,0.2424600414855836,1.0600641320267294
1.0,0.2842999057652516,-0.8175213182403274
1.0,0.5195685935214535,0.9043614929380731
1.0,0.8481852368076404,-0.37277028346673985
1.0,1.8582781055125779,0.2368386492188552
1.0,-0.6573193034480589,-0.4200247217600318
1.0,-0.7890232734489632,-0.6662352726909005
1.0,-1.4622685921190945,0.9676847861516686
1.0,0.5287391539046968,1.5547684202293814
1.0,-0.005814870764373894,0.6067463027726664
1.0,-0.11090743028659003,-0.4078198369731144
1.0,-0.5753089718516973,1.1284466354358904
1.0,0.4719529927728214,0.34248370723483373
1.0,-1.212202656588274,0.15121285366691303
1.0,-1.055902718937874,0.9183477503840004
1.0,-1.635677815239411,-1.6251915950386713
1.0,-1.7649296105959749,-2.0169202053418642
1.0,-0.23537570624829368,3.4312438946201094
1.0,0.6699512064228708,-0.4380705034779213
1.0,-0.7868743225062759,-0.8003545960168522
1.0,-0.42634514136832735,-0.9952140615713948
1.0,-0.9123163615994152,-0.2948838145745525
1.0,-0.9126068447887085,-0.4923880312536576
1.0,0.2708577365438061,-0.4392237961680456
1.0,0.15652205113164785,0.7174386996620538
1.0,-1.6439456338100489,2.6232100457944814
1.0,-2.8362015073517792,-1.2453229521812628
1.0,-0.11848995468250438,-0.33929811185656344
1.0,1.6457229473205326,-0.28586571610779327
1.0,0.25695052641775545,-0.2940031147820281
1.0,0.7550537007206739,1.1086714198977297
1.0,0.505987936682934,-2.5571936994802935
1.0,-1.9413766700797366,0.8274189370233589
1.0,0.18984906512027927,-0.0078086326351226735
1.0,0.21561322223562968,-0.6835674173233547
1.0,0.2113864209887783,-0.4976068926794643
1.0,-0.7113784858423986,0.5253443916920372
1.0,1.3340573064985346,-1.1994158833809379
1.0,-0.967644870700113,0.6137496100964103
1.0,-0.5963166684214477,-1.380320899687614
1.0,1.2861085417640754,-0.14348948676139178
1.0,0.13505450717946527,-0.7310483764207119
1.0,0.444455775788682,-0.3481399314685725
1.0,-1.0361505845658932,0.24443244266586583
1.0,2.208259670142498,0.8297492466861747
1.0,0.5854931137188619,-1.294590666874767
1.0,0.10891819234328425,-1.0288708812085443
1.0,1.215905002328333,-0.3436551260660872
1.0,-1.2946546637913359,-1.23978880385348
1.0,-1.1928789749558077,-0.32476320526606234
1.0,0.07756359076812398,-1.2956614649198668
1.0,-0.7641367856084833,0.5498718456591936
1.0,0.2710934555291606,-0.7855050267979717
1.0,-0.6996939302536164,0.20079618652506895
1.0,0.867148852756246,1.7088376160239471
1.0,-0.42447647142965433,1.4415878081958904
1.0,1.1085400351814145,-0.6742740183630891
1.0,0.7230642641697705,-0.06968185574422879
1.0,-0.24272195243574354,-0.46615512984970686
1.0,-0.19742970563922305,-0.22921052499655997
1.0,1.3963634300885435,0.8862959454700327
1.0,-1.1379239104014744,-0.1999362255679438
1.0,-0.20981935151354295,-1.0068103261534878
1.0,-1.1100707372969758,-0.10514199681167949
1.0,0.438582891342182,-0.07849200892437341
1.0,0.9385519347677399,-1.3101024731432356
1.0,-1.2071126902093403,-1.3781661213284704
1.0,-0.03516871675614425,-1.5104961284599905
1.0,0.1523232755097989,3.018783788130306
1.0,0.03723420182761961,2.006007613057547
1.0,-0.3678805155176266,0.6483332794732095
1.0,-0.34277746078244387,-1.7362212101974572
1.0,-0.05066530661507927,1.5454935671228263
1.0,0.0034076977074050056,-0.6580370107170223
1.0,1.4907328075496378,-1.7502097453215233
1.0,0.26284502705030893,-1.8849941922035534
1.0,-0.2102799220213842,-2.2862873430638317
1.0,-1.3588393774636698,-0.04619488664614173
1.0,0.4969999968245338,-0.6688595174168999
1.0,0.9630019019671815,-0.7321114412602097
1.0,-1.1994807695178573,1.0016332843315316
1.0,1.5948850038928366,0.3483103959864073
1.0,2.904058853699125,2.33407901639347
1.0,-0.9823522711374402,-0.2742112797243634
1.0,0.48811342886468023,-1.5514953548590886
1.0,-1.026320920935752,0.051307141997499944
1.0,0.20581345986420216,-1.0821072852260092
1.0,0.09308731953328643,0.05800841229188792
1.0,-0.41703041677506913,1.8954256297671435
1.0,1.198893726051337,0.20355824094777492
1.0,-1.4885163459596091,0.18760316339006328
1.0,0.7921245620712909,-0.6051048197888745
1.0,0.18053120913208803,0.22669241972227105
1.0,0.42845260867547114,2.555208706491159
1.0,-0.8602025473701602,0.41297092030898436
1.0,-0.3110583283435867,0.2678757551434837
1.0,0.03265156417932139,-1.2858320091006048
1.0,0.5982433315494171,0.4811109587950671
1.0,-0.32493903148471065,-0.2681156185198329
1.0,-1.025761407061302,-1.284217123813908
1.0,0.9260045274558653,-1.324923311873386
1.0,0.5154380342648109,-0.10958873845461552
1.0,-0.6087620101731569,-0.28037772387826654
1.0,0.71051376475627,2.1677797312313727
1.0,-1.671698678848823,-0.01306707139071109
1.0,1.232481751274876,0.7728242690138869
1.0,-2.026905184435308,0.35457729631708196
1.0,-0.25505860284684384,-0.4380400358524885
1.0,-0.07602373180404111,1.1599719757651623
1.0,-1.0527192049854688,-2.8809719475251776
1.0,-1.8553772267294084,-0.260180644101248
1.0,-1.5196019780790977,0.4556810811960174
1.0,0.5251126802734407,0.18287810120164433
1.0,-1.0822291409371363,0.3138305004644811
1.0,0.1537150572142517,-1.0036736831064665
1.0,0.08227297292873964,1.4312246374181927
1.0,-0.8888495692296677,-0.6127002293039483
1.0,3.367484327238886,1.253148306244253
1.0,1.0763164842976443,1.4275470665876664
1.0,-0.31159383442166894,-0.018839726393677557
1.0,2.2049195254308804,0.5860068249091277
1.0,-0.668914970774275,0.39997971132478694
1.0,-0.1323039920764622,0.2383986630681146
1.0,-0.5988468293536517,0.07926184003836999
1.0,1.264434796774677,-1.126635374843786
1.0,0.6615334769574388,-1.0293559340358078
1.0,-1.915035078439796,-0.7672620582721914
1.0,0.447118597310824,-0.7705607403316461
1.0,0.8305737353582399,-1.9785366534999849
1.0,-0.2516162467790663,1.178564281701543
1.0,-0.5703874342047461,-1.8832935185104993
1.0,-1.5496629210498198,0.8015822010680619
1.0,-0.047965283231113,-0.029058900730129292
1.0,-0.6578847003199381,-0.4662403732126753
1.0,0.5526323738279888,1.4944201200987428
1.0,-0.08603058535884593,-1.3013036573555359
1.0,-1.204873597832068,1.3759214893854768
1.0,1.6856342501071897,2.1869432660909487
1.0,-0.38905787370092143,0.4950073368731187
1.0,0.9022563859199801,-0.32096204804198036
1.0,0.018089342997377345,0.6769491912597677
1.0,-1.7404795273270872,-0.9615510499976514
1.0,0.3417765468629183,-0.881820083679376
1.0,1.3480492848951346,-0.8381723265806029
1.0,1.4241141475150194,-1.7132069032002946
1.0,-0.4342740682985504,0.4809479853479017
1.0,0.4297097066163989,1.284116288630681
1.0,0.889468575458377,0.11345091222940198
1.0,-1.6029688162065459,0.23862821664542205
1.0,1.1323711533897902,0.3283481646363085
1.0,0.2179089727703441,1.4865468393363734
1.0,-0.3085344336593238,-0.3838956926961404
1.0,-1.2484530560745462,-0.9764011204494915
1.0,-1.0716419988642312,-0.29746312162378324
1.0,0.05669935241677608,1.5544314409608653
1.0,1.051327281406105,0.9736506854717745
1.0,0.7089374824675859,-0.19622913950961332
1.0,-1.230072881215302,1.2983313664612184
1.0,1.2012793038943126,2.375292331717738
1.0,1.0871609101130717,-0.2766458556174738
1.0,-0.09271852446740443,1.0849480072451148
1.0,-0.3983503245769607,-0.08103364319365076
1.0,-0.7734839652367714,0.8976744004988807
1.0,0.1398481528511897,-0.8999342815154745
1.0,0.8159544279760825,1.754392789302084
1.0,-0.6158882012520921,1.6913301423213996
1.0,0.764051143165049,-0.3449268886578531
1.0,0.9314053556204012,-1.0133354860387631
1.0,0.3385112716990512,-1.1025964929337144
1.0,1.6570456403782692,0.5738177748104314
1.0,0.012969068517026809,-0.19050694498047688
1.0,-1.5883188273680127,-0.29292787702615036
1.0,-0.12702457135820416,-0.2641254498125984
1.0,-0.6886689815512315,1.1925378563890967
1.0,-0.969209979358077,0.4921637960412691
1.0,-0.9526295948201904,1.4328670341468364
1.0,1.3086417956451006,0.9442724860495131
1.0,-0.4972549426684006,-1.1782058147606846
1.0,-0.17455680916218375,2.082797046715448
1.0,-1.0708794653750038,-0.5423206770845203
1.0,0.838613289359751,0.20080459927706293
1.0,0.5652476279245727,0.43805983538923754
1.0,-1.2304037321961925,-0.24588043416234265
1.0,2.3495008589654334,-1.9002919145658848
1.0,-0.3220091002126937,-1.0204788807446357
1.0,-0.7554213054718537,0.8489903013653368
1.0,0.21353251364895567,1.8404899517312523
1.0,0.8072781460244285,-0.1556012772414758
1.0,-0.3572921407997663,1.342968436437576
1.0,1.361317219207244,1.2980569949008662
1.0,-0.4589249838590604,2.1805874831093304
1.0,0.2548358955270579,-0.12215965713631957
1.0,-0.904755220400677,-0.5932918410509064
1.0,-0.8174393144570646,-0.46731705908209403
1.0,-1.0825958044760409,1.368105163190941
1.0,0.5561035190219061,1.3246874513642113
1.0,1.5730395477096493,-1.2180655548434915
1.0,-0.7805846102501309,0.2194802408237472
1.0,-0.89611541707485,-0.6973675942628417
1.0,1.1749484310503193,0.04967883188973309
1.0,1.4557692649338,-2.1037799777145927
1.0,1.4176475901119134,-1.5633606048525654
1.0,0.779372612866353,0.6763375103278743
1.0,-0.12246567338036285,0.937595284509478
1.0,1.1849529913862256,-1.146130296156181
1.0,-1.355213756858437,0.6080444768686842
1.0,1.2289418146132318,-0.2940736389212615
1.0,-0.20811693487660402,0.8530181577368523
1.0,2.7132684067726807,-1.2470462408974092
1.0,-2.784002190646659,0.7223914084639195
1.0,0.677668868252712,0.38398334197537315
1.0,0.30857235221512797,-1.8665046742943414
1.0,-1.1522396753616069,1.245828568298094
1.0,0.1991241234089943,-0.0473872722207702
1.0,0.1727470013331091,-1.5059984991266702
1.0,-0.17757698603303787,-1.2035703958097599
1.0,-2.5101274889131515,0.5548689603479872
1.0,0.47541045481877,0.7050045241171706
1.0,-0.24494146163386868,-0.55690711623606
1.0,-1.1143349092867443,0.5019040728640042
1.0,0.42130656867419275,0.7263181495528496
1.0,0.2240104159645804,-1.506224385236163
1.0,0.9359514473997237,-0.9513882643925041
1.0,-0.8308845443142364,-1.0690883028686076
1.0,1.5630971995345346,0.7081252874288605
1.0,0.9110099750726769,0.3428668229251566
1.0,0.8240385169767153,-0.05889538549014743
1.0,-1.568559539238389,-0.9118442457297883
1.0,-1.1199986675330498,0.18957730846984105
1.0,-0.7703462727173257,0.8592769340055152
1.0,0.9581342725833649,-0.7441471821068673
1.0,0.12830401869161143,-1.0827708961652924
1.0,-0.03906234826076519,0.5563535333837081
1.0,-1.3552774037528832,-0.8416724680312844
1.0,0.7649214018718173,0.10648646016708173
1.0,1.8055341879492943,-0.12827136904311331
1.0,0.657750408937866,-0.254661644647821
1.0,-2.457529265407341,-0.6650842553293516
1.0,1.5109665207429734,0.8376200343795609
1.0,-0.17227148802435285,1.2818515144892828
1.0,-0.27739889282914115,0.14958804034808965
1.0,-0.4859588415747832,-0.8656237188540064
1.0,-0.4349604604172257,2.3637781542484237
1.0,-0.6871412436579503,1.1873046165707923
1.0,0.05613007811875692,-1.1890402876957837
1.0,-0.590442599792055,-1.7234502426102747
1.0,0.9907049262653814,2.8626877806416533
1.0,-0.09352565088695307,-0.03221937924014808
1.0,-1.6275983197834902,1.25007859739042
1.0,-0.7202407826402994,0.3382046336643313
1.0,0.3666688554348878,-0.6672212747737195
1.0,0.6349794422826749,-0.4430594351767453
1.0,-0.8299601611434707,-0.31638014308192325
1.0,0.31026663255602194,0.16317368922847
1.0,0.3444341668619186,-0.5094729617711296
1.0,0.4475678459576023,-2.0313365674242196
1.0,0.4729397518832358,1.692430102020243
1.0,-1.421669909171581,-1.5601943453040437
1.0,1.0553334501865794,0.2526858037075293
1.0,-0.48090257223274435,-0.4143651065479061
1.0,0.4372799084093843,0.0867340557397475
1.0,-1.5349154459507304,1.6248200391452214
1.0,1.655482443410383,2.5391558456002246
1.0,0.9680328540665255,-1.4961027971803398
1.0,-0.8224128997496106,-0.07145704441334902
1.0,-0.8818201313832001,0.4876802392826603
1.0,0.5418700635835374,0.6211345598283446
1.0,0.12087236319942316,-0.7129205963538731
1.0,-1.7834455697642733,-1.501693462808691
1.0,-1.0634131947687966,0.23008136062890985
1.0,-1.5101272839372006,-0.7216227215990603
1.0,0.7707718557637114,-1.5006605325723044
1.0,-0.6010314731437599,0.3969470279157559
1.0,1.2044473619396017,-0.817241624682697
1.0,1.8774256692151137,-0.5796570677163528
1.0,-0.36397028040547214,0.1403054717210015
1.0,-1.8778466670685277,-0.41485209947105034
1.0,-0.8904711334190102,0.04146129379923473
1.0,-1.4494086427289457,0.41803796528213427
1.0,0.9017996066993031,-1.2895480218909954
1.0,-0.6168607063933692,1.7730621060633678
1.0,1.5914726350203525,1.0504074983110323
1.0,-0.5034200159566438,-0.05600650367109951
1.0,-0.14254296077264045,-0.9856180748086159
1.0,0.6564167094841081,0.9442821884823625
1.0,0.9434522466227635,-0.16055700082264648
1.0,0.12810488928801772,-0.8436571187754605
1.0,-1.4039892411166481,-0.35595712353437825
1.0,-0.630449936122066,0.7287230968681885
1.0,1.002845984740985,-0.6304998528476069
1.0,1.6874259235860296,1.2350524927613837
1.0,-0.44652114867139353,-1.0154698335025574
1.0,0.16630616266611048,0.44161556242071537
1.0,0.4183738929315823,0.4025129056626158
1.0,0.050282205313941467,1.3516300804995776
1.0,1.9063450021674297,0.16676897715662015
1.0,1.9066224560016047,-1.3564300661158581
1.0,0.45130891026558,0.8129825903552664
1.0,0.969681755907028,0.42240280007319436
1.0,-1.0538258746742795,-0.13708858104272917
1.0,2.532086728681195,-0.9906849703299407
1.0,-0.18745897807492867,-1.324511215238655
1.0,-1.650927674873602,-0.026545392585141374
1.0,0.07767843176569188,-0.3192097567141765
1.0,-0.8598734790003376,-0.008794192821443166
1.0,1.22215688121286,0.6478378136226437
1.0,1.3450437706929466,0.38504390057550547
1.0,0.02535090918302462,0.7015606842909278
1.0,-1.2361632647388119,0.8727660068601932
1.0,-0.06615520801465123,-0.3107268717503345
1.0,-0.28859539870408546,2.090442457772565
1.0,0.3274889148539934,-0.03472853811203179
1.0,-1.610311206945183,-0.5112360377706714
1.0,0.20387209798849515,-0.012213659049725425
1.0,-0.5174959003679686,0.655723454421565
1.0,-1.1547757053398136,0.052396493594596666
1.0,-0.029756323240470634,2.401357999300009
1.0,0.08756552972960696,1.4418285257035806
1.0,-0.9127032228493256,0.4724673256480864
1.0,2.6694433708298324,2.261234648980323
1.0,-0.18193128290767485,0.06389369351834721
1.0,0.7060176742813318,1.3694671916854642
1.0,0.33906773078219005,0.653614571073579
1.0,1.360995029405394,-0.3380599216510192
1.0,0.6768606946949137,-0.83864140422091
1.0,-2.1200477679399357,-0.9614700851708096
1.0,0.41666256394812107,0.5372962219352427
1.0,-1.5290352340597935,-2.1463002717894675
1.0,-0.6890079077668204,0.5594648953011812
1.0,-0.691750404824477,-0.011003839682561049
1.0,-0.3341549505491599,-0.7545061769709092
1.0,-1.2786605321907565,1.9356238224981546
1.0,-0.34574295699324026,0.4154126978253708
1.0,-0.13116211809725042,-1.0655575010697889
1.0,0.6265894450351758,1.692184968146244
1.0,-0.5904493805479792,0.2597098672836485
1.0,1.454072561707476,0.2996628698269836
1.0,-1.1735786974929596,-0.27195770187574975
1.0,0.5499806352531337,0.43636259991786436
1.0,-0.9470287551228328,-1.2013809174494545
1.0,0.075265470726587,-1.761043390106515
1.0,0.028137503316475635,-0.5742831821281468
1.0,-0.03531063834989601,1.7109320574432403
1.0,-0.22983372520880402,0.9178914272065497
1.0,-0.2228930854601698,-0.7340785734562671
1.0,-1.3817391901086387,1.365162231634694
1.0,-0.6445192514060187,-1.6352881142140787
1.0,-1.026777937631505,-0.22878145180107862
1.0,1.779295247070937,0.6537587132873288
1.0,1.5921518161204602,-0.8387458014207035
1.0,-0.19805332202659506,1.0629848839695493
1.0,-0.822442393974124,-0.4725961189945941
1.0,-0.2931523459039071,-1.1503653432040737
1.0,0.8038108999425306,-0.8201667391022168
1.0,-1.0021675596731174,1.0096602354141648
1.0,-1.9339039646863383,-1.9154981574179117
1.0,0.4461626217481775,1.3755216718092633
1.0,0.22108622717945164,-1.1227005340776843
1.0,1.3000514429340968,-0.37531634680546416
1.0,-0.267720458507888,0.983694372830081
1.0,-0.04893690630105959,0.2482697636912229
1.0,-1.0299210676593729,0.17296800122748995
1.0,1.1413262720866937,-0.4224351073146542
1.0,0.22906301610493307,-0.161770002776488
1.0,-0.18575852163363976,-1.02979646181163
1.0,1.5921766488699278,0.3071047721229709
1.0,-0.07566393116192854,-0.30583937030811625
1.0,0.3725966998689256,1.0567187719223294
1.0,0.5422138722254147,2.1075390271174164
1.0,-1.6509587239928596,0.9550047784964051
1.0,-0.19972944832393683,1.9025303772911808
1.0,-1.4580243328596343,1.4631387379460288
1.0,0.5586350917107996,1.796928167520402
1.0,2.037209674124851,0.6940960714449352
1.0,0.49815875349688216,1.5225171396851693
1.0,-1.2329833808534951,0.8166783563762573
1.0,-1.387236595364833,-0.9222778522835494
1.0,-0.6882577297848187,0.30102353979938246
1.0,-0.4514444655384317,-0.675363733780248
1.0,-0.4255889448976768,0.5995734096177076
1.0,-0.7483049990339695,0.41257284025299223
1.0,-1.0892691489099722,0.5206498185632842
1.0,-1.3191754382804914,0.6423513479151789
1.0,0.7319828089472306,1.8411152470206598
1.0,-0.21782666290558858,-0.5353885867977692
1.0,-0.6687210860301827,-0.7615359569950217
1.0,-0.2415258706750961,1.2072691762204792
1.0,0.1267569217596695,0.6102358241910945
1.0,-0.22808359967706518,2.968685415233221
1.0,-2.374380074308175,0.586970564134528
1.0,-0.5337185493438747,-0.5817741903895427
1.0,0.3192410803537077,-0.39567242644057893
1.0,-0.041350531152486714,0.2679452722890523
1.0,-0.010978820597085878,-0.29670983380313487
1.0,0.48144570367451706,-0.2876433676561085
1.0,-0.7087295620935192,-0.2511624631550634
1.0,-0.6196507767820787,-1.279675997145125
1.0,0.5498028037860688,-0.5687441804510573
1.0,0.8076379269067295,0.6550352223514924
1.0,2.146017891048148,0.18906923367750264
1.0,0.6369535812355133,2.287445760633844
1.0,-1.379589844109889,-0.7257384244911746
1.0,-0.47231111136312764,-1.0879369040023164
1.0,0.5774773118565554,-1.1940128870091997
1.0,-0.30161672697518943,-1.5809531847093463
1.0,-1.4019579247534277,0.4075102488314617
1.0,0.19363875946806106,1.2938927665346973
1.0,-0.15184918458092317,-1.8352613142280825
1.0,0.8348509710134158,-0.13395147813163358
1.0,-0.6379327345215136,-0.15271777916246435
1.0,0.548769407645052,-0.631236950016488
1.0,1.5888932032811622,0.611226207139452
1.0,0.6629666077484341,-2.2575902352872568
1.0,0.7652360059684642,-0.4740328196656925
1.0,-1.6157103367751655,-1.12391996468695
1.0,1.7828170095056184,1.1184096200706346
1.0,-1.0656636588520119,-0.89816072565576
1.0,0.9803623223745781,-0.6360350596131592
1.0,1.3204785226218048,0.4677090110309841
1.0,0.6704613329294088,-0.6124117114383526
1.0,-0.5353975162897013,0.5564878630539843
1.0,1.0413044990671763,0.8014331300183846
1.0,-1.0215817954085735,0.18560945084584612
1.0,-0.035758087113889385,1.144910057852678
1.0,-1.4450793710711258,-1.9018479837356048
1.0,0.9645966808496564,1.0130843567185375
1.0,-2.8510007571423275,1.2672656356214984
1.0,0.4669453599896324,1.1870373866707176
1.0,0.28932038813439304,0.5224141334042568
1.0,0.2409902872223549,0.8112552668929398
1.0,0.34572123493416135,0.16703108790265736
1.0,1.8920665435060957,2.5195762559112183
1.0,-1.7299488637468656,0.5459254613270819
1.0,-0.5028546305436108,1.4628487924010007
1.0,1.9970232773697032,1.2079496825033604
1.0,1.2223394970357002,0.8249601585751888
1.0,0.07821839132993878,0.15436044213155584
1.0,0.6685466317056272,0.2400788441290015
1.0,-0.3528353475390965,-1.8559038386361828
1.0,-0.7252461228119668,1.1098515808560616
1.0,-0.18715449770300585,-0.2932790604984602
1.0,-0.8110411173975496,0.31803720175497957
1.0,0.2568595151149618,0.5578207301772472
1.0,-0.5790676600024119,1.3502493589267686
1.0,0.6026762423973566,0.41131715197149477
1.0,-0.3267101948648573,-0.8343374414473931
1.0,-0.3929179781580168,0.9691654662948177
1.0,0.03422178516381934,-0.2544534022397717
1.0,0.17751415740316323,1.0919166851625848
1.0,-0.3554103688012989,-0.1604484890572216
1.0,-2.0025075075950403,-0.14265105542195183
1.0,0.011349427749616444,0.782200657674345
1.0,1.691678764909681,0.7350653350353127
1.0,0.4709003699869337,-1.612589918891651
1.0,-0.8179090997239868,-1.0582761271397092
1.0,-1.2109651504464374,-0.6118501071066516
1.0,0.116071313393884,-0.4221357879348416
1.0,0.39357407174246556,-0.9643644173171174
1.0,1.6222045182155047,-1.5767058316363176
1.0,-0.13807298391305653,0.0020373289393276588
1.0,0.556842118635265,-1.3352490510349095
1.0,0.41765671587676123,0.020202920581127035
1.0,1.0514252518982456,-0.17104675593673155
1.0,-1.0748736112138773,0.7202718590816398
1.0,0.809981157557119,0.33440089608084433
1.0,-0.775097609437223,-2.0353850146613355
1.0,0.5889370105947322,1.116110689116632
1.0,0.30187402512960543,-0.9179106148741687
1.0,-4.138079199135892,-0.533134184833375
1.0,-1.676356108020314,-1.3675671370184632
1.0,0.26841738843471935,1.485845669383928
1.0,-0.6318827656796281,1.234277935434019
1.0,-0.688175278737261,0.7158819907091553
1.0,-1.7156595566461057,-0.21543055208109543
1.0,-0.49040216297119044,1.6534919676041286
1.0,1.1664161050528004,1.7581691544521216
1.0,0.014049973189125388,2.2610922718364064
1.0,0.18840521995966156,-0.03828252609797798
1.0,-0.18749811190187152,1.4972309015515892
1.0,0.3248697992925941,0.5426230166093338
1.0,0.08251967690640327,-0.35746418281750064
1.0,-0.4784165176551036,1.1054377811175653
1.0,-1.400002427675658,0.39647964380893536
1.0,0.14675966348097258,1.473439773912014
1.0,2.2095218044846687,0.49632829076990576
1.0,-0.8350162443594673,-0.4682037259208977
1.0,-2.1387407794114583,0.15114795572679077
1.0,0.863166521289017,0.12291420635006071
1.0,-0.1360669428472088,-1.0193289009722468
1.0,-0.6330294187174879,-1.3356056893046493
1.0,1.1959618249099495,0.8283744336413837
1.0,-0.6152899962545283,-0.8047126686464181
1.0,-1.5171838218290803,0.265918109023672
1.0,0.24655471170899412,-0.19399491130899404
1.0,-1.4795217117008537,-1.3630832277216598
1.0,-0.9102789175092622,-1.1675667425589689
1.0,-1.0017870622423048,1.6558281719184658
1.0,-0.8273007768045921,-0.18905043246060688
1.0,0.20124635167986923,0.06978526130940457
1.0,0.2614084275295875,0.7169162982902081
1.0,-0.4307531494179442,0.47190135364811375
1.0,-0.1794788193546449,0.3575207515502488
1.0,-0.6301210952378654,0.39363551866221114
1.0,0.06706115246780685,0.6000547779912139
1.0,-0.6925387289944448,-1.1162708925289018
1.0,-0.21188084784297548,0.6723131401738361
1.0,-0.9011796393001734,-2.101514184033761
1.0,1.422574703673481,0.5072221165209613
1.0,0.38839823464464457,0.1975711425780621
1.0,0.33565857866096477,-0.24575527978691866
1.0,-0.07061253606600981,-0.4033423747195287
1.0,-1.7099618759329402,1.0682503341493959
1.0,0.39228346225935157,0.6440135989383665
1.0,-0.3560572695052916,0.33167495848710044
1.0,-0.6964975851767343,1.0556794992195728
1.0,0.5782068100900044,1.3387707624092586
1.0,1.1191197382232436,0.9531745899636778
1.0,1.1485371327476326,-0.9206453410075102
1.0,0.4711221316710673,-0.7251113990673351
1.0,0.392711152184247,-0.5144417242674387
1.0,1.9877674790850703,-0.6476942481685438
1.0,-0.07371857050171979,-0.8947301721659012
1.0,-2.3195939829869663,-0.3004011205499014
1.0,0.2879250986602498,0.39816263304443483
1.0,0.7093833933853784,-1.309343083851203
1.0,0.5939667167445485,-0.17909670208481304
1.0,1.3785413944483529,0.2709429310178606
1.0,-0.1565955024379468,-0.8094253053581723
1.0,0.5656940312943741,-1.0677172083552424
1.0,0.037142061627003245,-0.821941562309024
1.0,2.0085968957177944,0.3306161898518704
1.0,-0.35258838951890664,0.5984538974314849
1.0,-0.6304926199307529,-0.8511701385966488
1.0,-0.4475523176495313,0.5191813881282759
1.0,-3.1613696640404587,1.4500729169631157
1.0,-1.0063254874821868,-1.1554396924865575
1.0,-2.190711562179046,0.8062194735949221
1.0,-0.39274456384490913,-1.9141964995991325
1.0,0.5226986984912054,0.3720607273447228
1.0,0.6280247788361193,-0.5872314373334442
1.0,1.475181628944741,0.8104125134128107
1.0,-0.7360817780974707,-0.6645403440001962
1.0,0.5717117332859418,-1.4858240008600982
1.0,-0.6863803597045853,-1.2953380397492575
1.0,0.7607131243776647,-1.0467295735117996
1.0,-0.5429533552701379,-1.7341197233195789
1.0,-0.4229854804449864,1.3811292841466547
1.0,0.44919894086805623,-0.5578169419447401
1.0,-0.910725802479836,0.7449893171354135
1.0,-0.3414184154388324,0.42499988763767277
1.0,-0.016243166347826212,-0.03656958630944576
1.0,0.4146348551534387,-1.5461454639654868
1.0,0.5000076389727042,0.6428832572268006
1.0,0.43617484644026455,1.4041056176259268
1.0,-0.915487913967126,-1.695655022342005
1.0,0.8430597938696937,-0.6479160691457356
1.0,-0.23545000466615032,-0.12941589882366927
1.0,2.8616393527680777,2.301262724095809
1.0,0.36693384918425476,-1.5059476672996317
1.0,-1.1318768936431256,-0.637715872004245
1.0,0.8824445804223563,-1.8686476818533055
1.0,-0.5177066068580664,0.8424130504862196
1.0,-0.33002753646445454,-0.16520508760587604
1.0,-0.9574338435832401,2.587188908466974
1.0,0.29013423516376347,-0.17591599525274396
1.0,-0.9488925348975982,-1.4965855269294592
1.0,0.6400479491433294,0.823600293095817
1.0,0.5553275528198165,1.9265556256805878
1.0,-0.24233124587281252,0.2450871426243322
1.0,-1.675110924116302,-0.47402103550781255
1.0,1.4213391630485877,0.19201968711384937
1.0,1.1383328163852353,-1.2778460028118899
1.0,-0.6836848102284405,0.6052831614931695
1.0,-0.49532712200204726,0.6647382104127669
1.0,0.6012748234596749,-1.0041223181830783
1.0,0.13633978073573136,0.08306339171224074
1.0,0.08430315700736843,0.304679787751036
1.0,-0.6188684536933039,0.4713665947656588
1.0,1.2947220390537972,-1.1588619873223596
1.0,-0.9603584420287659,-0.2493564456015138
1.0,0.4709575313204368,-0.31702760157109716
1.0,-2.3638128177845075,1.0598628904303975
1.0,0.4110260257057572,1.6910807457150046
1.0,-1.9232846201350626,0.7386565799791069
1.0,0.27569173605608294,-0.1662635149929465
1.0,-0.3306109573811294,-0.761410910516856
1.0,1.4098712117134882,-0.92293549908005
1.0,-0.09995509457178199,1.825040896423101
1.0,2.3396562411699215,-0.0715018926498489
1.0,-0.6019451294105927,0.5751486510435415
1.0,-0.539464909435625,-1.391931035634925
1.0,-2.1089215314750933,-0.3682237883768017
1.0,0.3881856107739565,0.3929208076120425
1.0,-0.15240128780156512,0.48331543371487257
1.0,-0.40553966095479255,0.38290391920188294
1.0,-0.2825123398325684,-0.7006789176491821
1.0,1.0240506441269137,-0.3493163803573952
1.0,0.6197657413409247,0.6860393995484876
1.0,-0.5025107684539551,0.528022823857437
1.0,0.19227157475092574,1.0031835508580336
1.0,-0.5685328076613417,0.5160527304278982
1.0,-0.0935328846379556,0.6571683166652684
1.0,-1.5023257795162501,0.3482859431662377
1.0,0.8847015116423544,0.9269381049749164
1.0,-0.7031496380898585,0.161719709921034
1.0,0.12542419547244651,-2.4631791074002347
1.0,-0.45837609971650856,1.5248749224977618
1.0,-0.5091107188956917,-0.08699252786523355
1.0,0.07799892719363705,0.5054275830467067
1.0,-1.413537624711026,0.44442840765071784
1.0,-1.0102528434508815,0.052053985055227375
1.0,-0.3338522674866284,0.9539783377359582
1.0,-0.29463838083861343,1.0918887000287354
1.0,-0.4599713559114341,-1.356730018597245
1.0,-0.6612635530130638,0.06302033227704121
1.0,0.8205684872827247,0.28534326962976003
1.0,0.03153646410852141,-0.29345689325341834
1.0,0.8738866500648391,-0.3734914519929836
1.0,2.026911682074989,-0.07150269013159857
1.0,-1.4603746198481138,0.3968285644372725
1.0,0.3694677529338511,-0.4894563017301903
1.0,1.1784510866188411,0.3308133634388652
1.0,-0.5395245598048356,0.5318560199846711
1.0,-1.1662185360328579,-0.7747657290872627
1.0,-1.1735271945296348,0.3197034059842348
1.0,0.9801696205937593,0.6976386846811299
1.0,1.5309043053967764,0.46023771517273443
1.0,0.17353954865078616,1.2706625539822103
1.0,-0.127380714806482,2.3716898852930597
1.0,0.8534533691066436,-0.24770284341744192
1.0,-0.35636215170354985,0.12556718117388885
1.0,-1.1123286058348951,-1.307757464166283
1.0,-0.378579180268607,1.049024240130697
1.0,0.9201404875998603,-0.31745015116647163
1.0,-0.4693976047547227,-0.003773687643346775
1.0,0.014131918088924994,0.47960609152011374
1.0,2.224218944629971,-0.2338227823921957
1.0,-0.6375645102323868,-0.14500788889651797
1.0,-1.4687514607885568,-0.14032486740343555
1.0,0.07445232507211395,0.06877079974409343
1.0,-0.5900275955052463,-0.35125485918602756
1.0,-0.7869076914283064,-0.03506547944357496
1.0,0.36834707383813603,0.4384248553791982
1.0,0.25366255829880463,-1.3729222924910893
1.0,0.4374580841992283,0.948922964070961
1.0,-0.48903697617882397,-0.0802015854749079
1.0,-0.4223171166273433,-0.24368243091959332
1.0,0.5341165272240411,-0.5590386124511043
1.0,2.1029535514977975,-0.45383136936575214
1.0,-1.1519109451297735,0.5512305999304553
1.0,-1.5250321062066954,0.2899182260167722
1.0,-0.08735558264542888,-0.34606694036142577
1.0,-0.3466837202572982,1.2980190866073125
1.0,-0.3853549666593548,1.1203270506709602
1.0,-0.08693765741228553,-0.6869517507084406
1.0,-0.4514601328954321,-0.5276625067625696
1.0,-1.1569505558284534,-1.5438175012174848
1.0,2.1492570491681158,0.7091443919399081
1.0,0.020480255789523675,-0.3372299419494917
1.0,0.11172887769606073,1.1214165021985518
1.0,0.03852757976745751,-2.458615376243159
1.0,-1.3285770226613678,1.3004891712656992
1.0,0.1547096497259973,-0.30524543762620193
1.0,0.617005173982162,-0.7937275175755168
1.0,0.14154272228428724,1.425270919385544
1.0,0.06667753793314111,-0.019228084278052043
1.0,-0.11068456354977257,1.6687458310869603
1.0,-0.4744689088600505,0.16352282295165121
1.0,-1.228050582856469,-1.3168301133261378
1.0,1.158735424866262,-0.0395087183620452
1.0,0.601387024973201,0.12691064184812403
1.0,1.2251785541853368,-0.8524932073828064
1.0,1.7402047294006773,0.4165503905076647
1.0,-0.22994146024088238,-0.5560778974512336
1.0,-0.8866288886057767,0.3968396299215125
1.0,-1.0951817814481883,0.7894333191333979
1.0,-0.3653275465644223,0.9635331063728151
1.0,-0.7088179949942992,0.915927003107523
1.0,1.3313252775322042,-0.07268487443271616
1.0,1.8227679304363436,-0.7160984376481601
1.0,-0.46739415956060776,-1.712480516225213
1.0,0.4135828174755826,-1.0825019600865338
1.0,1.1924323685481824,-1.1106259791939832
1.0,0.28905161478694175,-1.1420885231078919
1.0,-1.0209201770003835,-0.7758679377447883
1.0,-0.15143832448140954,-0.7127215266426072
1.0,0.7728784301126363,1.378742021484291
1.0,-0.8882428155634818,0.086215020037507
1.0,-1.5401001899896323,0.7422973105558158
1.0,-0.5484531886476836,-0.8037531281296579
1.0,0.7274115225861145,-0.9129409639070954
1.0,-0.5299728358049639,-0.24332568411800926
1.0,-1.29520437313766,-0.19947579738392923
1.0,-0.3712984586138268,0.5523024587728766
1.0,-0.5381273700261439,-0.5050279208068059
1.0,0.12279947969387543,1.6050022960756274
1.0,0.22826218795999867,-1.188761172774586
1.0,1.4106615395006497,0.05591352280695858
1.0,-0.7806823005859724,0.26006565293444484
1.0,-1.6819057223545564,-0.6415554113166475
1.0,-0.2266132148457417,1.4658017537409058
1.0,0.33546003812945097,1.4541752363657496
1.0,0.08596977130808818,0.4439887837912821
1.0,-1.2151517804463206,-0.5978625689103937
1.0,0.6823212829161328,0.6919533556938082
1.0,0.5180737615679587,0.03916061286010212
1.0,0.9903169373830545,-0.8244080771941363
1.0,0.2974546454114721,-1.6250510859624094
1.0,-1.2156517120401744,1.2744203825369544
1.0,-1.10311212257138,-0.9757640757064988
1.0,-0.14882921639564456,-0.15809894222560977
1.0,-0.01908666010550515,-0.013335673462090037
1.0,-1.383744649467402,1.265441544966102
1.0,0.20988175632450062,0.8361722935574534
1.0,-0.17465196911423722,0.48747740793667743
1.0,1.265976585249706,1.5386554279256899
1.0,0.2188493773781942,-2.3703320713790137
1.0,2.726401871176495,0.18031467055337394
1.0,-1.9157203172121695,0.823684331322217
1.0,-0.24088992185241617,0.6292791089323753
1.0,-0.3849796795045748,0.44048225807756625
1.0,0.6529045679498486,-0.11660917110445981
1.0,0.5700885014663031,-1.2128960693412119
1.0,0.5419865083620591,0.4124851314244311
1.0,0.13115463318457382,0.4092359581680985
1.0,0.41373155983035403,1.5719377851030445
1.0,0.46693075736279926,2.95166084817087
1.0,0.8602919741427281,-0.6717574904263386
1.0,1.191568845366875,0.5828069828934777
1.0,-1.4477979855567795,-0.12701796903596047
1.0,1.3773429972326054,-1.2711758932744652
1.0,-0.7499548526990936,-0.09568663998126163
1.0,1.7203397323397405,-1.1210832916498943
1.0,0.8139016651710215,0.3430358292706724
1.0,0.5307124816689397,-0.43733599888909763
1.0,-0.570631887284619,1.098109541186761
1.0,-0.1285670941263267,-1.2540897149963064
1.0,0.6126477371237449,-0.6665712057038061
1.0,-0.644634173884472,-0.1081516251106588
1.0,1.0206414920011362,-1.3300378218247113
1.0,0.9229256381541604,0.1511068916564294
1.0,-0.28607976998544593,0.47134827733416856
1.0,0.5903062104014339,-2.5766126041899735
1.0,-0.44236634068532665,-1.5186127395230447
1.0,0.13525917248538608,1.2980303596320535
1.0,-0.5033616444795017,-1.4191682010088427
1.0,0.9269326669376068,-1.8084846882622116
1.0,-0.4941255615149757,0.3255104675145968
1.0,0.2737623545232372,-0.6669040445444779
1.0,2.0681139615475788,-0.9126866100396769
1.0,-0.7453908574950145,0.040411151764186394
1.0,0.9401484290274846,-0.834006306882255
1.0,0.024027233822954817,-1.4799279075015106
1.0,1.2364460452307975,2.3299853015657233
1.0,-1.057101690076644,-0.206054225643247
1.0,-2.1151664268349175,-0.6339325032815369
1.0,-0.7293765647888774,0.33709467124285714
1.0,0.4392045302638876,-0.6309932571646366
1.0,0.7722208281714894,-0.8589570440127875
1.0,-0.18370748740647175,-0.5977565503740764
1.0,0.2882031630365182,2.13634056398063
1.0,0.35829586758877063,0.9563638279425802
1.0,0.06718614609816506,-0.9966842500327245
1.0,0.0640190346473567,0.736876536235981
1.0,0.515476129703363,-1.001194296698025
1.0,-0.4422693720394877,-1.014673322560428
1.0,-0.1265849250346304,1.146535603018809
1.0,-1.0475789613728421,0.8317833639736432
1.0,0.4340401626773101,-0.27649472064459485
1.0,-1.9984111736682162,-0.47877512837258746
1.0,-0.4984955245294684,1.084215435097294
1.0,0.5462866369271697,-0.10282226869770572
1.0,1.0961857964481034,1.161760983526763
1.0,-0.07728551819750805,0.5686135704573877
1.0,-1.095027791333264,-0.37591372355524266
1.0,0.11391778837275633,-0.010774676967862046
1.0,1.158546954768409,1.7736839539472644
1.0,0.14206773789214036,-0.7476938505835404
1.0,-1.852409300624141,-0.8874936421452035
1.0,0.9086847148177314,1.2506140831679704
1.0,1.7697955538370813,-0.5024037269127286
1.0,-0.3773491974151983,0.0029617635004283685
1.0,-2.0135079622973273,-1.1918999019732723
1.0,-0.20720643683238243,-0.49126867681049313
1.0,0.45925619809669016,-1.1784501451329152
1.0,-0.3312187801153168,0.9292133046255806
1.0,2.3515975584572786,-0.37627467305867224
1.0,-1.0312983378550984,1.4383474915714258
1.0,1.517196708625401,0.7595304789723569
1.0,0.8593708612566767,0.6821087898674146
1.0,-0.507597550484145,1.0927407262769526
1.0,-0.08588316979385241,-1.142186561123252
1.0,-0.0967428515622739,-0.9502243944518493
1.0,0.5917731507133951,-0.9163364468263059
1.0,0.9463732120394507,-0.325860403600768
